Identifier,Category,Name,Synonym,CAS,Ⲗabs.max (nm),τf (ns),φF,Solvent,φISC,E(0.0; S1),E(0.0; T1),Ered,Eox,Ered. S1,Eox. S1,Ered. T1,Eox. T1,Molecular Weight,Chemical Formula,SMILES,H-Bond Donor Count,H-Bond Acceptor Count,Solubility,Melting Point,Boiling Point,pKa
A01,Aromatic Hydrocarbons,Benzene,,71-43-2,254.75,,0.053,Hexane,,,,,,,,,,78.11,C6H6,C1=CC=CC=C1,0,0,,,,
A02,Aromatic Hydrocarbons,Toluene,,108-88-3,261.75,,0.17,Cyclohexane,,,,,,,,,,92.14,C7H8,CC1=CC=CC=C1,0,0,,,,
A03,Aromatic Hydrocarbons,O-xylene,,95-47-6,263.0,,0.17,Hexane,,,,,,,,,,106.16,C8H10,CC1=CC=CC=C1C,0,0,,,,
A04,Aromatic Hydrocarbons,M-xylene,,108-38-3,265.0,,0.13,Hexane,,,,,,,,,,106.16,C8H10,CC1=CC(=CC=C1)C,0,0,,,,
A05,Aromatic Hydrocarbons,P-xylene,,106-42-3,275.0,,0.22,Hexane,,,,,,,,,,106.16,C8H10,CC1=CC=C(C=C1)C,0,0,,,,
A06,Aromatic Hydrocarbons,Mesitylene,1.3.5-Trimethylbenzene,108-67-8,265.0,,0.088,Hexane,,,,,,,,,,120.19,C9H12,CC1=CC(=CC(=C1)C)C,0,0,,,,
A07,Aromatic Hydrocarbons,Durene,1.2.4.5-Tetramethylbenzene,95-93-2,278.0,,0.3,Hexane,,,,,,,,,,134.22,C10H14,CC1=CC(=C(C=C1C)C)C,0,0,,,,
A08,Aromatic Hydrocarbons,Pentamethylbenzene,,700-12-9,271.0,,0.075,Hexane,,,,,,,,,,148.24,C11H16,CC1=CC(=C(C(=C1C)C)C)C,0,0,,,,
A09,Aromatic Hydrocarbons,Hexamethylbenzene,,87-85-4,271.0,,0.01,Hexane,,,,,,,,,,162.27,C12H18,CC1=C(C(=C(C(=C1C)C)C)C)C,0,0,,,,
A10,Aromatic Hydrocarbons,Phenol,,108-95-2,270.75,,0.075,Hexane,,,,,,,,,,94.11,C6H6O,C1=CC=C(C=C1)O,1,1,,,,
A11,Aromatic Hydrocarbons,Anisole,Methoxybenzene,100-66-3,220.0,,0.45,Cyclohexane,,,,,,,,,,108.14,C7H8O,COC1=CC=CC=C1,0,1,,,,
A12,Aromatic Hydrocarbons,Benzonitrile,Phenyl Cyanide,100-47-0,222.0,,0.23,Cyclohexane,,,,,,,,,,103.12,C7H5N,C1=CC=C(C=C1)C#N,0,1,,,,
A13,Aromatic Hydrocarbons,Benzaldehyde,Phenylmethanal,100-52-7,242.0,,,Cyclohexane,,,,,,,,,,106.12,C7H6O,C1=CC=C(C=C1)C=O,0,1,,,,
A14,Aromatic Hydrocarbons,Benzoic acid,,65-85-0,227.0,,,Methanol,,,,,,,,,,122.12,C7H6O2,C1=CC=C(C=C1)C(=O)O,1,2,,,,
A15,Aromatic Hydrocarbons,Acetophenone,Methyl Phenyl Ketone,98-86-2,241.0,,,Ethanol,,,,,,,,,,120.15,C8H8O,CC(=O)C1=CC=CC=C1,0,1,,,,
A16,Aromatic Hydrocarbons,Aniline,,62-53-3,288.0,,0.17,Cyclohexane,,,,,,,,,,93.13,C6H7N,C1=CC=C(C=C1)N,1,1,,,,
A17,Aromatic Hydrocarbons,N.n-dimethyl-aniline,,121-69-7,251.0,,0.19,Cyclohexane,,,,,,,,,,121.18,C8H11N,CN(C)C1=CC=CC=C1,0,1,,,,
A18,Aromatic Hydrocarbons,Phenylhydrazine hydrochloride,,59-88-1,279.0,,,Pbs,,,,,,,,,,144.60,C6H9ClN2,C1=CC=C(C=C1)NN.Cl,3,2,,,,
A19,Aromatic Hydrocarbons,Chlorobenzene,,108-90-7,265.0,,0.0042,Cyclohexane,,,,,,,,,,112.55,C6H5Cl,C1=CC=C(C=C1)Cl,0,0,,,,
A20,Aromatic Hydrocarbons,Iodobenzene,,591-50-4,228.0,,,Cyclohexane,,,,,,,,,,204.01,C6H5I,C1=CC=C(C=C1)I,0,0,,,,
A21,Aromatic Hydrocarbons,Nitrobenzene,,98-95-3,258.0,,,Ethanol,,,,,,,,,,123.11,C6H5NO2,C1=CC=C(C=C1)[N+](=O)[O-],0,2,,,,
A22,Aromatic Hydrocarbons,Styrene,Phenylethylene; Vinylbenzene,100-42-5,248.0,,0.22,Cyclohexane,,,,,,,,,,104.15,C8H8,C=CC1=CC=CC=C1,0,0,,,,
A23,Aromatic Hydrocarbons,Phenylacetylene,Ethynylbenzene,536-74-3,236.0,,0.11,Benzene,,,,,,,,,,102.13,C8H6,C#CC1=CC=CC=C1,0,0,,,,
A24,Aromatic Hydrocarbons,1.4-diethynylbenzene,,935-14-8,274.0,,0.19,Chloroform,,,,,,,,,,126.15,C10H6,C#CC1=CC=C(C=C1)C#C,0,0,,,,
A25,Aromatic Hydrocarbons,Phenylpropargyl aldehyde,Phenylpropiolaldehyde; 3-Phenyl-2-Propynal,2579-22-8,277.0,,,Ethanol,,,,,,,,,,130.14,C9H6O,C1=CC=C(C=C1)C#CC=O,0,1,,,,
A26,Aromatic Hydrocarbons,Phenylboronic acid,Benzeneboronic Acid,98-80-6,227.0,,0.26,Cyclohexane,,,,,,,,,,121.93,C6H7BO2,B(C1=CC=CC=C1)(O)O,2,2,,,,
A27,Aromatic Hydrocarbons,Vanillin,4-Hydroxy-3-Methoxybenzaldehyde,121-33-5,222.0,,,Cyclohexane,,,,,,,,,,152.15,C8H8O3,COC1=C(C=CC(=C1)C=O)O,1,3,,,,
A28,Aromatic Hydrocarbons,3-hydroxyacetophenone,M-Acetylphenol,121-71-1,218.0,,,Ethanol,,,,,,,,,,136.15,C8H8O2,CC(=O)C1=CC(=CC=C1)O,1,2,,,,
A29,Aromatic Hydrocarbons,Ethyl 4-(dimethylamino)benzoate,Parbenate,10287-53-3,310.25,,0.29,Cyclohexane,,,,,,,,,,193.24,C11H15NO2,CCOC(=O)C1=CC=C(C=C1)N(C)C,0,3,,,,
A30,Aromatic Hydrocarbons,Gallacetophenone,2'.3'.4'-Trihydroxyacetophenone,528-21-2,291.0,,,Methanol,,,,,,,,,,168.15,C8H8O4,CC(=O)C1=C(C(=C(C=C1)O)O)O,3,4,,,,
A31,Aromatic Hydrocarbons,Terephthalic acid,Benzene-1.4-Dicarboxylic Acid; 1.4-Dicarboxybenzene,100-21-0,240.0,,,Ethanol,,,,,,,,,,166.13,C8H6O4,C1=CC(=CC=C1C(=O)O)C(=O)O,2,4,,,,
A32,Aromatic Hydrocarbons,P-phenylenediamine,1.4-Benzenediamine; 1.4-Diaminobenzene; 1.4-Phenylenediamine,106-50-3,251.0,,0.065,Acetonitrile,,,,,,,,,,108.14,C6H8N2,C1=CC(=CC=C1N)N,2,2,,,,
A33,Aromatic Hydrocarbons,Tetraphenylmethane,,630-76-2,263.0,,0.24,Cyclohexane,,,,,,,,,,320.4,C25H20,C1=CC=C(C=C1)C(C2=CC=CC=C2)(C3=CC=CC=C3)C4=CC=CC=C4,0,0,,,,
A34,Aromatic Hydrocarbons,N-phenylbenzylamine,N-Benzylaniline; N-Benzyl-N-Phenylamine,103-32-2,245.0,,0.164,Cyclohexane,,,,,,,,,,183.25,C13H13N,C1=CC=C(C=C1)CNC2=CC=CC=C2,1,1,,,,
A35,Aromatic Hydrocarbons,Trans-chalcone,Benzylideneacetophenone;  1.3-Diphenyl-2-Propen-3-One,614-47-1,302.0,,,Cyclohexane,,,,,,,,,,208.25,C15H12O,C1=CC=C(C=C1)C=CC(=O)C2=CC=CC=C2,0,1,,,,
A36,Aromatic Hydrocarbons,Benzophenone,Diphenyl Ketone,119-61-9,252.0,,,Ethanol,,,,,,,,,,182.22,C13H10O,C1=CC=C(C=C1)C(=O)C2=CC=CC=C2,0,1,,,,
A37,Aromatic Hydrocarbons,4.4'-dihydroxybenzophenone,,611-99-4,283.0,,,Chloroform,,,,,,,,,,214.22,C13H10O3,C1=CC(=CC=C1C(=O)C2=CC=C(C=C2)O)O,2,3,,,,
A38,Aromatic Hydrocarbons,Diethyl phthalate,,84-66-2,225.0,,,Ethanol,,,,,,,,,,222.24,C12H14O4,CCOC(=O)C1=CC=CC=C1C(=O)OCC,0,4,,,,
A39,Aromatic Hydrocarbons,1.2.4.5-tetracyanobenzene,Tcnb; Pyromellitic Acid Tetranitrile,712-74-3,316.0,,0.21,Chloroform,,,,,,,,,,178.15,C10H2N4,C1=C(C(=CC(=C1C#N)C#N)C#N)C#N,0,4,,,,
A40,Aromatic Hydrocarbons,Hexafluorobenzene,,392-56-3,230.0,,0.035,Ethanol,,,,,,,,,,186.05,C6F6,C1(=C(C(=C(C(=C1F)F)F)F)F)F,0,6,,,,
A41,Aromatic Hydrocarbons,Ferrocene,Bis(Cyclopentadienyl)Iron; Di(Cyclopentadienyl)Iron,102-54-5,442.0,,,Cyclohexane,,,,,,,,,,186.03,C10H10Fe,[CH-]1C=CC=C1.[CH-]1C=CC=C1.[Fe+2],0,2,,,,
E01,Heterocycles,Pyridine,,110-86-1,251.0,,,Acetonitrile,,,,,,,,,,79.10,C5H5N,C1=CC=NC=C1,0,1,,,,
E02,Heterocycles,Pyridine n-oxide,,694-59-7,276.0,,,Dichloromethane,,,,,,,,,,95.10,C5H5NO,C1=CC=[N+](C=C1)[O-],0,1,,,,
E03,Heterocycles,2-acetylpyridine,,1122-62-9,227.0,,,Cyclohexane,,,,,,,,,,121.14,C7H7NO,CC(=O)C1=CC=CC=N1,0,2,,,,
E04,Heterocycles,4-dimethylaminopyridine,Dmap,1122-58-3,257.0,,0.017,Acetonitrile,,,,,,,,,,122.17,C7H10N2,CN(C)C1=CC=NC=C1,0,2,,,,
E05,Heterocycles,4-(4-nitrobenzyl)pyridine,,1083-48-3,265.0,,,Ethanol,,,,,,,,,,214.22,C12H10N2O2,C1=CC(=CC=C1CC2=CC=NC=C2)[N+](=O)[O-],0,3,,,,
E06,Heterocycles,1.3.5-triazine,S-Triazine,290-87-9,270.0,,,Ethanol,,,,,,,,,,81.08,C3H3N3,C1=NC=NC=N1,0,3,,,,
E07,Heterocycles,Phthalimide,,85-41-6,215.0,,,Ethanol,,,,,,,,,,147.13,C8H5NO2,C1=CC=C2C(=C1)C(=O)NC2=O,1,2,,,,
E08,Heterocycles,2.2'-bipyridine,2.2_-Bipyridyl; 2.2_-Dipyridine; 2.2_-Dipyridyl,366-18-7,281.0,,,Acetonitrile,,,,,,,,,,156.18,C10H8N2,C1=CC=NC(=C1)C2=CC=CC=N2,0,2,,,,
E09,Heterocycles,4.4'-bipyridine,4.4_-Bipyridy; 4.4_-Dipyridine; 4.4_-Dipyridyl,553-26-4,238.0,,,Acetonitrile,,,,,,,,,,156.18,C10H8N2,C1=CN=CC=C1C2=CC=NC=C2,0,2,,,,
E10,Heterocycles,Quinoline,,91-22-5,204.0,,0.01,Ethanol,,,,,,,,,,129.16,C9H7N,C1=CC=C2C(=C1)C=CC=N2,0,1,,,,
E11,Heterocycles,8-quinoline carboxylic acid,,86-59-9,219.0,,0.02,Ethanol,,,,,,,,,,173.17,C10H7NO2,C1=CC2=C(C(=C1)C(=O)O)N=CC=C2,1,3,,,,
E12,Heterocycles,3-quinoline carboxaldehyde,,13669-42-6,245.0,,,Ethanol,,,,,,,,,,157.17,C10H7NO,C1=CC=C2C(=C1)C=C(C=N2)C=O,0,2,,,,
E13,Heterocycles,Benzothiazole,,95-16-9,217.0,,,Ethanol,,,,,,,,,,135.19,C7H5NS,C1=CC=C2C(=C1)N=CS2,0,2,,,,
E14,Heterocycles,Benzotriazole,,95-14-7,253.0,,,Ethanol,,,,,,,,,,119.12,C6H5N3,C1=CC2=NNN=C2C=C1,1,2,,,,
E15,Heterocycles,2-methylbenzoxazole,,95-21-6,231.75,,,Cyclohexane,,,,,,,,,,133.15,C8H7NO,CC1=NC2=CC=CC=C2O1,0,2,,,,
E16,Heterocycles,Pyrrole,,109-97-7,206.0,,,Hexane,,,,,,,,,,67.09,C4H5N,C1=CNC=C1,1,0,,,,
E17,Heterocycles,Pyrrole-2-carboxaldehyde,2-Formylpyrrole,1003-29-8,278.0,,,Hexane,,,,,,,,,,95.10,C5H5NO,C1=CNC(=C1)C=O,1,1,,,,
E18,Heterocycles,Thiazole orange,,107091-89-4,502.0,,,Methanol,,,,,,,,,,476.6,C26H24N2O3S2,CC1=CC=C(C=C1)S(=O)(=O)[O-].CN1C2=CC=CC=C2SC1=CC3=CC=[N+](C4=CC=CC=C34)C,0,5,,,,
E19,Heterocycles,Thioflavin t,,2390-54-7,413.0,,0.0004,Water,,,,,,,,,,318.9,C17H19ClN2S,CC1=CC2=C(C=C1)[N+](=C(S2)C3=CC=C(C=C3)N(C)C)C.[Cl-],0,3,,,,
E20,Heterocycles,Tris(2.2'-bipyridyl)ruthenium(ii),Tris(2.2_-Bipyridyl)Dichlororuthenium(Ii),65034-88-0,286.0,,,Water,,,,,,,,,,646.5,C24H18Cl2N12Ru,C1=CN=C(N=C1)C2=NC=CC=N2.C1=CN=C(N=C1)C2=NC=CC=N2.C1=CN=C(N=C1)C2=NC=CC=N2.[Cl-].[Cl-].[Ru+2],0,14,,,,
E21,Heterocycles,4-chloro-7-nitrobenzofurazan,Nbd,10199-89-0,336.0,,,Ethanol,,,,,,,,,,199.55,C6H2ClN3O3,C1=C(C2=NON=C2C(=C1)Cl)[N+](=O)[O-],0,5,,,,
E22,Heterocycles,7-benzylamino-4-nitrobenz-2-oxa-1.3-diazole,4-Benzylamino-7-Nitrobenzofurazan. Benzylamino-Nbd,18378-20-6,460.5,,0.36,Ethanol,,,,,,,,,,270.24,C13H10N4O3,C1=CC=C(C=C1)CNC2=CC=C(C3=NON=C23)[N+](=O)[O-],1,6,,,,
E23,Heterocycles,Carbostyril 124,7-Amino-4-Methyl-2-Hydroxyquinoline,19840-99-4,219.0,,0.97,Water (ph 5 to 9 ),,,,,,,,,,174.20,C10H10N2O,CC1=CC(=O)NC2=C1C=CC(=C2)N,2,2,,,,
E24,Heterocycles,Quinoline yellow,Acid Yellow 3,8004-92-0,413.0,,,Pbs,,,,,,,,,,477.4,C18H9NNa2O8S2,C1=CC=C2C(=C1)C(=O)C(C2=O)C3=NC4=C(C=C(C=C4C=C3)S(=O)(=O)[O-])S(=O)(=O)[O-].[Na+].[Na+],0,9,,,,
E25,Heterocycles,2.3.5-triphenyltetrazolium chloride,Tetrazolium Red,298-96-4,247.0,,,Pbs,,,,,,,,,,334.8,C19H15ClN4,C1=CC=C(C=C1)C2=NN([N+](=N2)C3=CC=CC=C3)C4=CC=CC=C4.[Cl-],0,3,,,,
E26,Heterocycles,Quinine sulfate,,207671-44-1,349.0,,0.546,H2so4 aq (1 n),,,,,,,,,,782.9,C40H54N4O10S,COC1=CC2=C(C=CN=C2C=C1)C(C3CC4CCN3CC4C=C)O.COC1=CC2=C(C=CN=C2C=C1)C(C3CC4CCN3CC4C=C)O.O.O.OS(=O)(=O)O,6,14,,,,
F01,Biomolecules,L-alanine,,56-41-7,262.0,,,Methanol,,,,,,,,,,89.09,C3H7NO2,CC(C(=O)O)N,2,3,,,,
F02,Biomolecules,L-phenylalanine,,63-91-2,257.5,,0.022,Water,,,,,,,,,,165.19,C9H11NO2,C1=CC=C(C=C1)CC(C(=O)O)N,2,3,,,,
F03,Biomolecules,L-tyrosine,,60-18-4,274.25,,0.13,Phosphate buffer (ph 7. 0.1 m),,,,,,,,,,181.19,C9H11NO3,C1=CC(=CC=C1CC(C(=O)O)N)O,3,4,,,,
F04,Biomolecules,L-histidine,,71-00-1,211.0,,,Water,,,,,,,,,,155.15,C6H9N3O2,C1=C(NC=N1)CC(C(=O)O)N,3,4,,,,
F05,Biomolecules,L-tryptophan,,73-22-3,278.0,,0.12,Phosphate buffer (ph 7. 0.1 m),,,,,,,,,,204.22,C11H12N2O2,C1=CC=C2C(=C1)C(=CN2)CC(C(=O)O)N,3,3,,,,
F06,Biomolecules,Adenine,,73-24-5,261.0,,,Water (ph 7),,,,,,,,,,135.13,C5H5N5,C1=NC2=NC=NC(=C2N1)N,2,4,,,,
F07,Biomolecules,Guanine,,73-40-5,243.0,,,Water,,,,,,,,,,151.13,C5H5N5O,C1=NC2=C(N1)C(=O)NC(=N2)N,3,3,,,,
F08,Biomolecules,Cytosine,,71-30-7,266.75,,,Water,,,,,,,,,,111.10,C4H5N3O,C1=C(NC(=O)N=C1)N,2,2,,,,
F09,Biomolecules,Thymine,,65-71-4,263.75,,,Water,,,,,,,,,,126.11,C5H6N2O2,CC1=CNC(=O)NC1=O,2,2,,,,
F10,Biomolecules,Uracil,,66-22-8,258.25,,,Water,,,,,,,,,,112.09,C4H4N2O2,C1=CNC(=O)NC1=O,2,2,,,,
F11,Biomolecules,2-amino-4-methylpyrimidine,,108-52-1,228.0,,,Ethanol,,,,,,,,,,109.13,C5H7N3,CC1=NC(=NC=C1)N,1,3,,,,
F12,Biomolecules,2.4-dihydroxy-6-methylpyrimidine,6-Methyluracil,626-48-2,259.0,,,Ethanol,,,,,,,,,,126.11,C5H6N2O2,CC1=CC(=O)NC(=O)N1,2,2,,,,
F13,Biomolecules,D-(-)-salicin,,138-52-3,212.0,,,Ethanol,,,,,,,,,,286.28,C13H18O7,C1=CC=C(C(=C1)CO)OC2C(C(C(C(O2)CO)O)O)O,5,7,,,,
F14,Biomolecules,Riboflavin,Vitamin B2,83-88-5,263.0,,0.3,Ethanol,,,,,,,,,,376.4,C17H20N4O6,CC1=CC2=C(C=C1C)N(C3=NC(=O)NC(=O)C3=N2)CC(C(C(CO)O)O)O,5,7,,,,
F15,Biomolecules,L-ascorbic acid,Vitamin C,50-81-7,265.0,,,Pbs,,,,,,,,,,176.12,C6H8O6,C(C(C1C(=C(C(=O)O1)O)O)O)O,4,6,,,,
F16,Biomolecules,Dl-alpha-tocopherol,Vitamin E,10191-41-0,206.0,,0.14,Ethanol,,,,,,,,,,430.7,C29H50O2,CC1=C(C2=C(CCC(O2)(C)CCCC(C)CCCC(C)CCCC(C)C)C(=C1O)C)C,1,2,,,,
F17,Biomolecules,Vitamin k1,2-Methyl-3-Phytyl-1.4-Naphthoquinone. Phylloquinone,84-80-0,248.0,,,Ethanol,,,,,,,,,,450.7,C31H46O2,CC1=C(C(=O)C2=CC=CC=C2C1=O)CC=C(C)CCCC(C)CCCC(C)CCCC(C)C,0,2,,,,
F18,Biomolecules,Folic acid,Vitamin B9,59-30-3,281.0,,0.005,Water,,,,,,,,,,441.4,C19H19N7O6,C1=CC(=CC=C1C(=O)NC(CCC(=O)O)C(=O)O)NCC2=CN=C3C(=N2)C(=O)NC(=N3)N,6,10,,,,
G01,Quinones,1.4-benzoquinone,,106-51-4,239.75,,,Acetonitrile,,,,,,,,,,108.09,C6H4O2,C1=CC(=O)C=CC1=O,0,2,,,,
G02,Quinones,Hydroquinone,1.4-Benzenediol. 1.4-Dihydroxybenzene,123-31-9,225.0,,0.16,Acetonitrile,,,,,,,,,,110.11,C6H6O2,C1=CC(=CC=C1O)O,2,2,,,,
G03,Quinones,2.3.5.6-tetrachloro-1.4-benzoquinone,P-Chloranil,118-75-2,288.0,,,Acetonitrile,,,,,,,,,,245.9,C6Cl4O2,C1(=C(C(=O)C(=C(C1=O)Cl)Cl)Cl)Cl,0,2,,,,
G04,Quinones,Tetrachlorohydroquinone,2.3.5.6-Tetrachloro-1.4-Benzendiol,87-87-6,211.0,,,Acetonitrile,,,,,,,,,,247.9,C6H2Cl4O2,C1(=C(C(=C(C(=C1Cl)Cl)O)Cl)Cl)O,2,2,,,,
G05,Quinones,2.3.5.6-tetramethyl-1.4-benzoquinone,Duroquinone,527-17-3,270.0,,,Acetonitrile,,,,,,,,,,164.20,C10H12O2,CC1=C(C(=O)C(=C(C1=O)C)C)C,0,2,,,,
G06,Quinones,2.3-dichloro-5.6-dicyano-1.4-benzoquinone,Ddq,84-58-2,400.0,,,,1.0,,2.67,0.49,,,,3.18,,227.00,C8Cl2N2O2,C(#N)C1=C(C(=O)C(=C(C1=O)Cl)Cl)C#N,0,4,,,,
G07,Quinones,3.4.5.6-tetrachloro-1.2-benzoquinone,O-Chloranil,2435-53-2,458.0,,,Chloroform,,,,,,,,,,245.9,C6Cl4O2,C1(=C(C(=O)C(=O)C(=C1Cl)Cl)Cl)Cl,0,2,,,,
G08,Quinones,2.5-diphenyl-1.4-benzoquinone,,844-51-9,243.0,,,Acetonitrile,,,,,,,,,,260.3,C18H12O2,C1=CC=C(C=C1)C2=CC(=O)C(=CC2=O)C3=CC=CC=C3,0,2,,,,
G09,Quinones,2.5-di-tert-butyl-1.4-benzoquinone,,2460-77-7,258.0,,,Acetonitrile,,,,,,,,,,220.31,C14H20O2,CC(C)(C)C1=CC(=O)C(=CC1=O)C(C)(C)C,0,2,,,,
G10,Quinones,Tetracyanoethylene,Tcne,670-54-2,267.0,,,Chloroform,,,,,,,,,,128.09,C6N4,C(#N)C(=C(C#N)C#N)C#N,0,4,,,,
G11,Quinones,7.7.8.8-tetracyanoquinodimethane,Tcnq,1518-16-7,401.0,,,Chloroform,,,,,,,,,,204.19,C12H4N4,C1=CC(=C(C#N)C#N)C=CC1=C(C#N)C#N,0,4,,,,
G12,Quinones,1.4-naphthoquinone,Alpha-Naphthoquinone,130-15-4,246.0,,,Ethanol,,,,,,,,,,158.15,C10H6O2,C1=CC=C2C(=O)C=CC(=O)C2=C1,0,2,,,,
G13,Quinones,1.4-naphthoquinone-2-sulfonic acid. potassium salt,,34169-62-5,255.0,,,Water,,,,,,,,,,276.31,C10H5KO5S,C1=CC=C2C(=C1)C(=O)C=C(C2=O)S(=O)(=O)[O-].[K+],0,5,,,,
G14,Quinones,2.3-dichloro-1.4-naphthoquinone,Dichlone,117-80-6,280.0,,,Ethanol,,,,,,,,,,227.04,C10H4Cl2O2,C1=CC=C2C(=C1)C(=O)C(=C(C2=O)Cl)Cl,0,2,,,,
G15,Quinones,2-methyl-1.4-naphthoquinone,Menadione. Vitamin K3,58-27-5,251.0,,,Ethanol,,,,,,,,,,172.18,C11H8O2,CC1=CC(=O)C2=CC=CC=C2C1=O,0,2,,,,
G16,Quinones,9.10-phenanthrenequinone,,84-11-7,268.0,,,Chloroform,,,,,,,,,,208.21,C14H8O2,C1=CC=C2C(=C1)C3=CC=CC=C3C(=O)C2=O,0,2,,,,
G17,Quinones,1.2-naphthoquinone,Beta-Naphthoquinone,524-42-5,249.0,,,Methanol,,,,,,,,,,158.15,C10H6O2,C1=CC=C2C(=C1)C=CC(=O)C2=O,0,2,,,,
G18,Quinones,1.2-naphthoquinone-4-sulfonic acid. sodium salt,,521-24-4,250.0,,,Methanol,,,,,,,,,,260.20,C10H5NaO5S,C1=CC=C2C(=C1)C(=CC(=O)C2=O)S(=O)(=O)[O-].[Na+],0,5,,,,
G19,Quinones,9.10-anthraquinone,,84-65-1,251.25,,,Ethanol,,,,,,,,,,208.21,C14H8O2,C1=CC=C2C(=C1)C(=O)C3=CC=CC=C3C2=O,0,2,,,,
G20,Quinones,Alizarin,1.2-Dihydroxyanthraquinone. Mordant Red 11,72-48-0,248.0,,,Ethanol,,,,,,,,,,240.21,C14H8O4,C1=CC=C2C(=C1)C(=O)C3=C(C2=O)C(=C(C=C3)O)O,2,4,,,,
G21,Quinones,Alizarin red s,,130-22-3,250.0,,,Ethanol,,,,,,,,,,342.26,C14H7NaO7S,C1=CC=C2C(=C1)C(=O)C3=CC(=C(C(=C3C2=O)O)O)S(=O)(=O)[O-].[Na+],2,7,,,,
G22,Quinones,1.4-anthraquinone,,635-12-1,233.0,,,Ethanol,,,,,,,,,,208.21,C14H8O2,C1=CC=C2C=C3C(=O)C=CC(=O)C3=CC2=C1,0,2,,,,
G23,Quinones,5.12-naphthacenequinone,Tetracenequinone,1090-13-7,296.0,,0.43,Benzene,,,,,,,,,,258.3,C18H10O2,C1=CC=C2C=C3C(=CC2=C1)C(=O)C4=CC=CC=C4C3=O,0,2,,,,
G24,Quinones,6.13-pentacenequinone,,3029-32-1,303.0,,0.54,Benzene,,,,,,,,,,308.3,C22H12O2,C1=CC=C2C=C3C(=CC2=C1)C(=O)C4=CC5=CC=CC=C5C=C4C3=O,0,2,,,,
H01,Coumarins,Coumarin,,91-64-5,275.0,,,Ethanol,,,,,,,,,,146.14,C9H6O2,C1=CC=C2C(=C1)C=CC(=O)O2,0,2,,,,
H02,Coumarins,4-hydroxycoumarin,,1076-38-6,280.0,,0.003,Ethanol,,,,,,,,,,162.14,C9H6O3,C1=CC=C2C(=C1)C(=CC(=O)O2)O,1,3,,,,
H03,Coumarins,7-hydroxycoumarin,Umbelliferone,93-35-6,326.0,,0.08,Methanol,,,,,,,,,,162.14,C9H6O3,C1=CC(=CC2=C1C=CC(=O)O2)O,1,3,,,,
H04,Coumarins,7-hydroxy-4-(trifluoromethyl)coumarin,4-Trifluoromethylumbeliferone,575-03-1,338.0,,0.2,Ethanol,,,,,,,,,,230.14,C10H5F3O3,C1=CC2=C(C=C1O)OC(=O)C=C2C(F)(F)F,1,6,,,,
H05,Coumarins,7-methoxycoumarin-4-acetic acid,,62935-72-2,323.75,,0.18,Methanol,,,,,,,,,,234.20,C12H10O5,COC1=CC2=C(C=C1)C(=CC(=O)O2)CC(=O)O,1,5,,,,
H06,Coumarins,Coumarin 1,7-(Diethylamino)-4-Methylcoumarin,91-44-1,373.25,,0.5,Ethanol,,,,,,,,,,231.29,C14H17NO2,CCN(CC)C1=CC2=C(C=C1)C(=CC(=O)O2)C,0,3,,,,
H07,Coumarins,Coumarin 6,,38215-36-0,459.25,,0.78,Ethanol,,,,,,,,,,350.4,C20H18N2O2S,CCN(CC)C1=CC2=C(C=C1)C=C(C(=O)O2)C3=NC4=CC=CC=C4S3,0,5,,,,
H08,Coumarins,Coumarin 7,3-(2-Benzimidazolyl)-7-(Diethylamino)Coumarin,27425-55-4,436.0,,0.82,Methanol,,,,,,,,,,333.4,C20H19N3O2,CCN(CC)C1=CC2=C(C=C1)C=C(C(=O)O2)C3=NC4=CC=CC=C4N3,1,4,,,,
H09,Coumarins,Coumarin 30,,41044-12-6,407.5,,0.8,Ethanol,,,,,,,,,,347.4,C21H21N3O2,CCN(CC)C1=CC2=C(C=C1)C=C(C(=O)O2)C3=NC4=CC=CC=C4N3C,0,4,,,,
H10,Coumarins,Coumarin 151,7-Amino-4-(Trifluoromethyl)Coumarin,53518-15-3,384.0,,0.53,Ethanol,,,,,,,,,,229.15,C10H6F3NO2,C1=CC2=C(C=C1N)OC(=O)C=C2C(F)(F)F,1,6,,,,
H11,Coumarins,Coumarin 314,,55804-66-5,436.0,,0.68,Ethanol,,,,,,,,,,313.3,C18H19NO4,CCOC(=O)C1=CC2=CC3=C4C(=C2OC1=O)CCCN4CCC3,0,5,,,,
H12,Coumarins,Coumarin 343,,55804-65-4,444.75,,0.63,Ethanol,,,,,,,,,,285.29,C16H15NO4,C1CC2=C3C(=C4C(=C2)C=C(C(=O)O4)C(=O)O)CCCN3C1,1,5,,,,
H13,Coumarins,Calcein blue,4-Methylumbelliferone-8-Methyliminodiacetic Acid,54375-47-2,361.0,,0.59,Pbs,,,,,,,,,,321.28,C15H15NO7,CC1=CC(=O)OC2=C1C=CC(=C2CN(CC(=O)O)CC(=O)O)O,3,8,,,,
H14,Coumarins,Urolithin b,3-Hydroxy-6H-Benzo[C]Chromen-6-One,1139-83-9,278.0,,0.21,Dimethylformamide,,,,,,,,,,212.20,C13H8O3,C1=CC=C2C(=C1)C3=C(C=C(C=C3)O)OC2=O,1,3,,,,
I01,Acridines,Acridine,,260-94-6,247.0,,0.0079,Ethanol,,,,,,,,,,179.22,C13H9N,C1=CC=C2C(=C1)C=C3C=CC=CC3=N2,0,1,,,,
I02,Acridines,Proflavine hydrochloride,3.6-Diaminoacridine Hydrochloride,952-23-8,470.0,5.0,0.39,,0.39,2.56,2.22,-0.74,,1.82,,1.48,,245.71,C13H12ClN3,C1=CC(=CC2=NC3=C(C=CC(=C3)N)C=C21)N.Cl,3,3,,,,
I03,Acridines,Acridine orange,Basic Orange 14,65-61-2,425.0,,,,,,2.58,-2.4,,,,0.6,,301.8,C17H20ClN3,CN(C)C1=CC2=C(C=C1)C=C3C=CC(=CC3=N2)N(C)C.Cl,1,3,,,,
I04,Acridines,Acridine yellow g,3.6-Diamino-2.7-Dimethylacridine,135-49-9,264.0,,0.47,Ethanol,,,,,,,,,,273.76,C15H16ClN3,CC1=CC2=CC3=C(C=C(C(=C3)C)N)N=C2C=C1N.Cl,3,3,,,,
I05,Acridines,Acridone,9(10H)-Acridanone. 9.10-Dihydro-9-Oxoacridine,578-95-0,249.0,,0.42,Ethanol,,,,,,,,,,195.22,C13H9NO,C1=CC=C2C(=C1)C(=O)C3=CC=CC=C3N2,1,2,,,,
I06,Acridines,Phenazine,,92-82-0,248.0,,,Ethanol,,,,,,,,,,180.20,C12H8N2,C1=CC=C2C(=C1)N=C3C=CC=CC3=N2,0,2,,,,
I07,Acridines,Phenosafranin,,81-93-6,533.0,,0.2,Methanol,,,,,,,,,,322.8,C18H15ClN4,C1=CC=C(C=C1)[N+]2=C3C=C(C=CC3=NC4=C2C=C(C=C4)N)N.[Cl-],2,4,,,,
I08,Acridines,Neutral red,Basic Red 5,553-24-2,278.0,,0.044,Ethanol,,,,,,,,,,288.77,C15H17ClN4,CC1=CC2=NC3=C(C=C(C=C3)N(C)C)N=C2C=C1N.Cl,2,4,,,,
I09,Acridines,Janus green b,,2869-83-2,587.0,,,Pbs,,,,,,,,,,511.1,C30H31ClN6,CCN(CC)C1=CC2=[N+](C3=C(C=CC(=C3)N=NC4=CC=C(C=C4)N(C)C)N=C2C=C1)C5=CC=CC=C5.[Cl-],0,6,,,,
I10,Acridines,Phenothiazine,10H-Phenothiazine,92-84-2,253.0,,0.006,Cyclohexane,,,,,,,,,,199.27,C12H9NS,C1=CC=C2C(=C1)NC3=CC=CC=C3S2,1,2,,,,
I11,Acridines,Thionin,Thionine. 3.7-Diaminophenothiazin-5-Ium Chloride,26754-93-8,605.0,,0.04,Ethanol,,,,,,,,,,228.30,C12H10N3S+,C1=CC2=C(C=C1N)SC3=CC(=[NH2+])C=CC3=N2,2,3,,,,
I12,Acridines,Methylene blue,Basic Blue 9 Hydrate,61-73-4,650.0,1.0,,,,1.89,1.5,-0.3,1.13,1.56,-0.73,1.6,-0.68,319.9,C16H18ClN3S,CN(C)C1=CC2=C(C=C1)N=C3C=CC(=[N+](C)C)C=C3S2.[Cl-],0,4,,,,
I13,Acridines,Azure ii,,37247-10-2,654.0,,0.04,Ethanol,,,,,,,,,,625.7,C31H34Cl2N6S2,CNC1=CC2=C(C=C1)N=C3C=CC(=[N+](C)C)C=C3S2.CN(C)C1=CC2=C(C=C1)N=C3C=CC(=[N+](C)C)C=C3S2.[Cl-].[Cl-],1,8,,,,
I14,Acridines,Toluidine blue o,Basic Blue 17,92-31-9,628.0,,0.076,Ethanol,,,,,,,,,,305.8,C15H16ClN3S,CC1=CC2=C(C=C1N)SC3=CC(=[N+](C)C)C=CC3=N2.[Cl-],1,4,,,,
I15,Acridines,Phenoxathiin,,262-20-4,237.0,,,Ethanol,,,,,,,,,,200.26,C12H8OS,C1=CC=C2C(=C1)OC3=CC=CC=C3S2,0,2,,,,
I16,Acridines,Phenoxazine,,135-67-1,239.0,,0.025,Ethanol,,,,,,,,,,183.21,C12H9NO,C1=CC=C2C(=C1)NC3=CC=CC=C3O2,1,2,,,,
I17,Acridines,Oxazine 1,Oxazine 725. Oxazine 1 Perchlorate,24796-94-9,642.5,,0.11,Ethanol,,,,,,,,,,423.9,C20H26ClN3O5,CCN(CC)C1=CC2=C(C=C1)N=C3C=CC(=[N+](CC)CC)C=C3O2.[O-]Cl(=O)(=O)=O,0,7,,,,
I18,Acridines,Cresyl violet perchlorate,Cresyl Violet 670,41830-80-2,603.0,,0.54,Methanol,,,,,,,,,,361.73,C16H12ClN3O5,C1=CC=C2C(=C1)C(=[NH2+])C=C3C2=NC4=C(O3)C=C(C=C4)N.[O-]Cl(=O)(=O)=O,2,7,,,,
I19,Acridines,Nile red,Nile Blue A Oxazone. Oxazine 17,7385-67-3,519.4,,0.7,Dioxane,,,,,,,,,,318.4,C20H18N2O2,CCN(CC)C1=CC2=C(C=C1)N=C3C4=CC=CC=C4C(=O)C=C3O2,0,4,,,,
I20,Acridines,Nile blue,Nile Blue A Perchlorate,53340-16-2,627.5,,0.27,Ethanol,,,,,,,,,,417.8,C20H20ClN3O5,CC[N+](=C1C=CC2=NC3=C(C=C(C4=CC=CC=C43)N)OC2=C1)CC.[O-]Cl(=O)(=O)=O,1,7,,,,
I21,Acridines,Oxazine 170,Oxazine 720. Oxazine 170 Perchlorate,62669-60-7,613.25,,0.63,Methanol,,,,,,,,,,431.9,C21H22ClN3O5,CCNC1=CC2=C(C3=CC=CC=C31)N=C4C=C(C(=[NH+]CC)C=C4O2)C.[O-]Cl(=O)(=O)=O,2,7,,,,
J01,Azo Dyes,Azobenzene,,103-33-3,319.0,,,Benzene,,,,,,,,,,182.22,C12H10N2,C1=CC=C(C=C1)N=NC2=CC=CC=C2,0,2,,,,
J02,Azo Dyes,Acid red 2,Methyl Red. 4-Dimethylaminoazobenzene-2'-Carboxylic Acid,493-52-7,430.0,,,Pbs,,,,,,,,,,269.30,C15H15N3O2,CN(C)C1=CC=C(C=C1)N=NC2=CC=CC=C2C(=O)O,1,5,,,,
J03,Azo Dyes,Methyl orange,Acid Orange 52,547-58-0,466.0,,,Pbs,,,,,,,,,,327.34,C14H14N3NaO3S,CN(C)C1=CC=C(C=C1)N=NC2=CC=C(C=C2)S(=O)(=O)[O-].[Na+],0,6,,,,
J04,Azo Dyes,Orange g,Acid Orange 10,1936-15-8,478.0,,,Pbs,,,,,,,,,,452.4,C16H10N2Na2O7S2,C1=CC=C(C=C1)N=NC2=C(C=CC3=CC(=CC(=C32)S(=O)(=O)[O-])S(=O)(=O)[O-])O.[Na+].[Na+],1,9,,,,
J05,Azo Dyes,Orange ii,Acid Orange 7,633-96-5,486.0,,,Pbs,,,,,,,,,,350.3,C16H11N2NaO4S,C1=CC=C2C(=C1)C=CC(=C2N=NC3=CC=C(C=C3)S(=O)(=O)[O-])O.[Na+],1,6,,,,
J06,Azo Dyes,Acid red 88,Acid Red A. Fast Red. 2-Naphthol Red,1658-56-6,503.0,,,Pbs,,,,,,,,,,400.4,C20H13N2NaO4S,C1=CC=C2C(=C1)C=CC(=C2N=NC3=CC=C(C4=CC=CC=C43)S(=O)(=O)[O-])O.[Na+],1,6,,,,
J07,Azo Dyes,Sudan i,1-Phenylazo-2-Naphthol,842-07-9,481.0,,,Ethanol,,,,,,,,,,248.28,C16H12N2O,C1=CC=C(C=C1)N=NC2=C(C=CC3=CC=CC=C32)O,1,3,,,,
J08,Azo Dyes,Sudan ii,Solvent Orange 7. 1-(2.4-Xylidylazo)-2-Naphthol,3118-97-6,498.0,,,Ethanol,,,,,,,,,,276.3,C18H16N2O,CC1=CC(=C(C=C1)N=NC2=C(C=CC3=CC=CC=C32)O)C,1,3,,,,
J09,Azo Dyes,Acid violet 3,,1681-60-3,555.0,,,Pbs,,,,,,,,,,483.4,C16H11N3Na2O8S2,C1=CC(=CC=C1N)N=NC2=C(C3=C(C=C(C=C3C=C2S(=O)(=O)[O-])S(=O)(=O)[O-])O)O.[Na+].[Na+],3,11,,,,
J10,Azo Dyes,Acid red 1,Azophloxine,3734-67-6,530.0,,,Pbs,,,,,,,,,,509.4,C18H13N3Na2O8S2,CC(=O)NC1=C2C(=CC(=C1)S(=O)(=O)[O-])C=C(C(=C2O)N=NC3=CC=CC=C3)S(=O)(=O)[O-].[Na+].[Na+],2,10,,,,
J11,Azo Dyes,Acid red 14,Azo Rubine. Carmoisine,3567-69-9,512.0,,,Pbs,,,,,,,,,,502.4,C20H12N2Na2O7S2,C1=CC=C2C(=C1)C(=CC=C2S(=O)(=O)[O-])N=NC3=C(C4=CC=CC=C4C(=C3)S(=O)(=O)[O-])O.[Na+].[Na+],1,9,,,,
J12,Azo Dyes,Acid blue 92,Acid Blue A,3861-73-2,563.0,,,Pbs,,,,,,,,,,695.6,C26H16N3Na3O10S3,C1=CC=C(C=C1)NC2=C3C(=C(C=C2)N=NC4=C5C(=CC(=C4)S(=O)(=O)[O-])C=C(C=C5O)S(=O)(=O)[O-])C=CC=C3S(=O)(=O)[O-].[Na+].[Na+].[Na+],2,13,,,,
J13,Azo Dyes,Sudan iii,Solvent Red 23,85-86-9,504.0,,,Ethanol,,,,,,,,,,352.4,C22H16N4O,C1=CC=C(C=C1)N=NC2=CC=C(C=C2)N=NC3=C(C=CC4=CC=CC=C43)O,1,5,,,,
J14,Azo Dyes,Sudan iv,Solvent Red 24,85-83-6,518.0,,,Ethanol,,,,,,,,,,380.4,C24H20N4O,CC1=CC=CC=C1N=NC2=CC(=C(C=C2)N=NC3=C(C=CC4=CC=CC=C43)O)C,1,5,,,,
J15,Azo Dyes,Acid black 1,Naphthol Blue Black,1064-48-8,619.0,,,Pbs,,,,,,,,,,616.5,C22H14N6Na2O9S2,C1=CC=C(C=C1)N=NC2=C(C3=C(C(=C(C=C3C=C2S(=O)(=O)[O-])S(=O)(=O)[O-])N=NC4=CC=C(C=C4)[N+](=O)[O-])N)O.[Na+].[Na+],2,14,,,,
J16,Azo Dyes,Ponceau s,Acid Red 112,6226-79-5,513.0,,,Pbs,,,,,,,,,,760.6,C22H12N4Na4O13S4,C1=CC(=CC=C1N=NC2=CC(=C(C=C2)N=NC3=C4C=CC(=CC4=CC(=C3O)S(=O)(=O)[O-])S(=O)(=O)[O-])S(=O)(=O)[O-])S(=O)(=O)[O-].[Na+].[Na+].[Na+].[Na+],1,17,,,,
J17,Azo Dyes,Congo red,Direct Red 28,573-58-0,483.0,,,Pbs,,,,,,,,,,696.7,C32H22N6Na2O6S2,C1=CC=C2C(=C1)C(=CC(=C2N)N=NC3=CC=C(C=C3)C4=CC=C(C=C4)N=NC5=C(C6=CC=CC=C6C(=C5)S(=O)(=O)[O-])N)S(=O)(=O)[O-].[Na+].[Na+],2,12,,,,
J18,Azo Dyes,Benzopurpurin 4b,Direct Red 2. Benzopurpurin,992-59-6,497.0,,,Water,,,,,,,,,,724.7,C34H26N6Na2O6S2,CC1=C(C=CC(=C1)C2=CC(=C(C=C2)N=NC3=C(C4=CC=CC=C4C(=C3)S(=O)(=O)[O-])N)C)N=NC5=C(C6=CC=CC=C6C(=C5)S(=O)(=O)[O-])N.[Na+].[Na+],2,12,,,,
J19,Azo Dyes,Evans blue,Direct Blue 53,314-13-6,606.0,,,Pbs,,,,,,,,,,960.8,C34H24N6Na4O14S4,CC1=C(C=CC(=C1)C2=CC(=C(C=C2)N=NC3=C(C4=C(C=C3)C(=CC(=C4N)S(=O)(=O)[O-])S(=O)(=O)[O-])O)C)N=NC5=C(C6=C(C=C5)C(=CC(=C6N)S(=O)(=O)[O-])S(=O)(=O)[O-])O.[Na+].[Na+].[Na+].[Na+],4,20,,,,
K01,Cyanine Dyes,1.1'-diethyl-2.2'-cyanine iodide,Dec,977-96-8,524.25,,,Ethanol,,,,,,,,,,454.3,C23H23IN2,CCN1C(=CC2=[N+](C3=CC=CC=C3C=C2)CC)C=CC4=CC=CC=C41.[I-],0,2,,,,
K02,Cyanine Dyes,1.1'-diethyl-2.2'-carbocyanine iodide,Pinacyanol Iodide. Decc,605-91-4,603.5,,0.001,Methanol,,,,,,,,,,480.4,C25H25IN2,CCN1C(=CC=CC2=[N+](C3=CC=CC=C3C=C2)CC)C=CC4=CC=CC=C41.[I-],0,2,,,,
K03,Cyanine Dyes,1.1'-diethyl-2.2'-dicarbocyanine iodide,Ddi,14187-31-6,711.0,,0.0028,Ethanol,,,,,,,,,,506.4,C27H27IN2,CCN1C(=CC=CC=CC2=[N+](C3=CC=CC=C3C=C2)CC)C=CC4=CC=CC=C41.[I-],0,2,,,,
K04,Cyanine Dyes,1.1'-diethyl-4.4'-cyanine iodide,,4727-49-5,592.0,,,Ethanol,,,,,,,,,,454.3,C23H23IN2,CCN1C=CC(=CC2=CC=[N+](C3=CC=CC=C23)CC)C4=CC=CC=C41.[I-],0,2,,,,
K05,Cyanine Dyes,1.1'-diethyl-4.4'-carbocyanine iodide,Dci. Cryptocyanine. Kryptocyanin,4727-50-8,709.5,,0.007,Ethanol,,,,,,,,,,480.4,C25H25IN2,CCN1C=CC(=CC=CC2=CC=[N+](C3=CC=CC=C23)CC)C4=CC=CC=C41.[I-],0,2,,,,
K06,Cyanine Dyes,1.1'-diethyl-4.4'-dicarbocyanine iodide,,18300-31-7,818.0,,0.033,Dmso,,,,,,,,,,506.4,C27H27IN2,CCN1C=CC(=CC=CC=CC2=CC=[N+](C3=CC=CC=C23)CC)C4=CC=CC=C41.[I-],0,2,,,,
K07,Cyanine Dyes,3.3'-diethyloxacarbocyanine iodide,Doc. Doci,905-96-4,485.0,,0.05,Methanol,,,,,,,,,,460.3,C21H21IN2O2,CCN1C2=CC=CC=C2OC1=CC=CC3=[N+](C4=CC=CC=C4O3)CC.[I-],0,4,,,,
K08,Cyanine Dyes,3.3'-diethyloxadicarbocyanine iodide,Dodc. Dodci,14806-50-9,582.0,,0.49,Ethanol,,,,,,,,,,486.3,C23H23IN2O2,CCN1C2=CC=CC=C2OC1=CC=CC=CC3=[N+](C4=CC=CC=C4O3)CC.[I-],0,4,,,,
K09,Cyanine Dyes,3.3'-diethyloxatricarbocyanine iodide,Dotc. Dotci,15185-43-0,687.5,,0.49,Ethanol,,,,,,,,,,512.4,C25H25IN2O2,CCN1C2=CC=CC=C2OC1=CC=CC=CC=CC3=[N+](C4=CC=CC=C4O3)CC.[I-],0,4,,,,
K10,Cyanine Dyes,1.1'-diethyl-3.3.3'.3'-tetramethylindocarbocyanine iodide,,14696-39-0,544.25,,0.07,Methanol,,,,,,,,,,512.5,C27H33IN2,CCN1C2=CC=CC=C2C(C1=CC=CC3=[N+](C4=CC=CC=C4C3(C)C)CC)(C)C.[I-],0,2,,,,
K11,Cyanine Dyes,1.1'-diethyl-3.3.3'.3'-tetramethylindodicarbocyanine iodide,,17094-16-5,637.5,,0.4,Methanol,,,,,,,,,,538.5,C29H35IN2,CCN1C2=CC=CC=C2C(C1=CC=CC=CC3=[N+](C4=CC=CC=C4C3(C)C)CC)(C)C.[I-],0,2,,,,
K12,Cyanine Dyes,1.1'-diethyl-3.3.3'.3'-tetramethylindotricarbocyanine iodide,Hitci,15185-47-4,742.25,,0.28,Ethanol,,,,,,,,,,,,,,,,,,
K13,Cyanine Dyes,Indocyanine green,Icg. Cardiogreen,3599-32-4,789.0,,0.05,Ethanol,,,,,,,,,,775.0,C43H47N2NaO6S2,CC1(C(=[N+](C2=C1C3=CC=CC=C3C=C2)CCCCS(=O)(=O)[O-])C=CC=CC=CC=C4C(C5=C(N4CCCCS(=O)(=O)[O-])C=CC6=CC=CC=C65)(C)C)C.[Na+],0,7,,,,
K14,Cyanine Dyes,3.3'-diethylthiacarbocyanine iodide,Dtc. Dtci,905-97-5,559.25,,0.05,Ethanol,,,,,,,,,,492.4,C21H21IN2S2,CCN1C2=CC=CC=C2SC1=CC=CC3=[N+](C4=CC=CC=C4S3)CC.[I-],0,4,,,,
K15,Cyanine Dyes,3.3'-diethylthiadicarbocyanine iodide,Dtdc. Dtdci,514-73-8,655.75,,0.35,Ethanol,,,,,,,,,,518.5,C23H23IN2S2,CCN1C2=CC=CC=C2SC1=CC=CC=CC3=[N+](C4=CC=CC=C4S3)CC.[I-],0,4,,,,
K16,Cyanine Dyes,3.3'-diethylthiatricarbocyanine iodide,Dttc. Dttci,3071-70-3,763.25,,,Isopropanol,,,,,,,,,,544.5,C25H25IN2S2,CCN1C2=CC=CC=C2SC1=CC=CC=CC=CC3=[N+](C4=CC=CC=C4S3)CC.[I-],0,4,,,,
K17,Cyanine Dyes,Merocyanine 540,,62796-23-0,559.5,,0.39,Ethanol,,,,,,,,,,569.7,C26H32N3NaO6S2,CCCCN1C(=O)C(=CC=CC=C2N(C3=CC=CC=C3O2)CCCS(=O)(=O)[O-])C(=O)N(C1=S)CCCC.[Na+],0,8,,,,
K18,Cyanine Dyes,4-(dicyanomethylene)-2-methyl-6-(p-dimethylaminostyryl)-4h-pyran. [dcm],Dcm,51325-91-8,468.0,,0.43,Methanol,,,,,,,,,,303.4,C19H17N3O,CC1=CC(=C(C#N)C#N)C=C(O1)C=CC2=CC=C(C=C2)N(C)C,0,4,,,,
K19,Cyanine Dyes,Stains all,3.3_-Diethyl-9-Methyl-4.5.4_.5_-Dibenzothiacarbocyanine,7423-31-6,575.5,,0.0,,,,,,,,,,,559.6,C30H27BrN2S2,CCN1C(=CC(=CC2=[N+](C3=C(S2)C=CC4=CC=CC=C43)CC)C)SC5=C1C6=CC=CC=C6C=C5.[Br-],0,4,,,,
L01,Arylmethane Dyes,Auramine o,Basic Yellow 2. Pyoctaninum Aureum,2465-27-2,431.25,,0.03,Glycerol,,,,,,,,,,303.8,C17H22ClN3,CN(C)C1=CC=C(C=C1)C(=N)C2=CC=C(C=C2)N(C)C.Cl,2,3,,,,
L02,Arylmethane Dyes,Malachite green,Basic Green 4,2437-29-8,616.5,,,Water,,,,,,,,,,927.0,C52H54N4O12,CN(C)C1=CC=C(C=C1)C(=C2C=CC(=[N+](C)C)C=C2)C3=CC=CC=C3.CN(C)C1=CC=C(C=C1)C(=C2C=CC(=[N+](C)C)C=C2)C3=CC=CC=C3.C(=O)(C(=O)O)O.C(=O)(C(=O)[O-])O.C(=O)(C(=O)[O-])O,4,14,,,,
L03,Arylmethane Dyes,Crystal violet,Basic Violet 3,548-62-9,590.5,,0.019,Glycerol,,,,,,,,,,408.0,C25H30ClN3,CN(C)C1=CC=C(C=C1)C(=C2C=CC(=[N+](C)C)C=C2)C3=CC=C(C=C3)N(C)C.[Cl-],0,3,,,,
L04,Arylmethane Dyes,P-fuchsin,Basic Fuchsin,632-99-5,543.0,,,Pbs,,,,,,,,,,337.8,C20H20ClN3,CC1=CC(=C(C2=CC=C(C=C2)N)C3=CC=C(C=C3)N)C=CC1=N.Cl,4,3,,,,
L05,Arylmethane Dyes,Methyl violet,Basic Violet 1,8004-87-3,585.0,,,Pbs,,,,,,,,,,358.5,C24H28N3+,CNC1=CC=C(C=C1)C(=C2C=CC(=[N+](C)C)C=C2)C3=CC=C(C=C3)N(C)C,1,2,,,,
L06,Arylmethane Dyes,Methyl green,,82-94-0,632.0,,,Pbs,,,,,,,,,,458.5,C26H33Cl2N3,CN(C)C1=CC=C(C=C1)C(=C2C=CC(=[N+](C)C)C=C2)C3=CC=C(C=C3)[N+](C)(C)C.[Cl-].[Cl-],0,3,,,,
L07,Arylmethane Dyes,Methyl blue,Acid Blue 93,28983-56-4,590.0,,,Pbs,,,,,,,,,,799.8,C37H27N3Na2O9S3,C1=CC(=NC2=CC=C(C=C2)S(=O)(=O)[O-])C=CC1=C(C3=CC=C(C=C3)NC4=CC=C(C=C4)S(=O)(=O)O)C5=CC=C(C=C5)NC6=CC=C(C=C6)S(=O)(=O)[O-].[Na+].[Na+],3,12,,,,
L08,Arylmethane Dyes,Phenolphthalein,,77-09-8,554.0,,,0.1 n naoh aq,,,,,,,,,,318.3,C20H14O4,C1=CC=C2C(=C1)C(=O)OC2(C3=CC=C(C=C3)O)C4=CC=C(C=C4)O,2,4,,,,
L09,Arylmethane Dyes,Phenol red,Phenolsulfonphthalein,143-74-8,558.0,,,0.1 n naoh aq,,,,,,,,,,354.4,C19H14O5S,C1=CC=C2C(=C1)C(OS2(=O)=O)(C3=CC=C(C=C3)O)C4=CC=C(C=C4)O,2,5,,,,
L10,Arylmethane Dyes,Cresol red,,1733-12-6,573.0,,,0.1 n naoh aq,,,,,,,,,,382.4,C21H18O5S,CC1=C(C=CC(=C1)C2(C3=CC=CC=C3S(=O)(=O)O2)C4=CC(=C(C=C4)O)C)O,2,5,,,,
L11,Arylmethane Dyes,Thymol blue,,76-61-9,597.0,,,0.1 n naoh aq,,,,,,,,,,466.6,C27H30O5S,CC1=CC(=C(C=C1C2(C3=CC=CC=C3S(=O)(=O)O2)C4=CC(=C(C=C4C)O)C(C)C)C(C)C)O,2,5,,,,
M01,Perylenes,Perylene,,198-55-0,435.75,,0.94,Cyclohexane,,,,,,,,,,252.3,C20H12,C1=CC2=C3C(=C1)C4=CC=CC5=C4C(=CC=C5)C3=CC=C2,0,0,,,,
M02,Perylenes,Perylene. pmi,N-(2.6-Diisopropylphenyl)Perylene-3.4-Dicarboximide,165550-61-8,507.0,,0.91,Toluene,,,,,,,,,,481.6,C34H27NO2,CC(C)C1=C(C(=CC=C1)C(C)C)N2C(=O)C3=C4C(=CC=C5C4=C(C=C3)C6=CC=CC7=C6C5=CC=C7)C2=O,0,2,,,,
M03,Perylenes,Perylene. pmi(or),9-(4-Tert-Butylphenoxy)-N-(2.6-Diisopropylphenyll)-3.4-Perylenedicarboximide,RRN 9309914,507.0,,0.82,Toluene,,,,,,,,,,,,,,,,,,
M04,Perylenes,Perylene. pmi(or)3,1.6.9-Tris(4-Tert-Butylphenoxy)-N-(2.6-Diisopropyl-4-Ethynylphenyl)-3.4-Perylenedicarboximide,468083-01-4,536.0,,0.86,Toluene,,,,,,,,,,,,,,,,,,
M05,Perylenes,Perylene. pdi,N.N_-Bis(2.5-Di-Tert-Butylphenyl)-3.4.9.10-Perylenedicarboximide,83054-80-2,528.0,,0.97,Toluene,,,,,,,,,,767.0,C52H50N2O4,CC(C)(C)C1=CC(=C(C=C1)C(C)(C)C)N2C(=O)C3=C4C(=CC=C5C4=C(C=C3)C6=C7C5=CC=C8C7=C(C=C6)C(=O)N(C8=O)C9=C(C=CC(=C9)C(C)(C)C)C(C)(C)C)C2=O,0,4,,,,
N01,Xanthenes,Fluorescein,,05/07/2321,437.0,4.2,0.2,,0.03,2.42,1.94,-1.17,0.887,1.25,-1.55,0.77,-1.07,,,,,,,,,
N02,Xanthenes,2'.7'-dichlorofluorescein,,76-54-0,502.0,,0.58,30% tris buffered (in dmso),,,,,,,,,,401.2,C20H10Cl2O5,C1=CC=C2C(=C1)C(=O)OC23C4=CC(=C(C=C4OC5=CC(=C(C=C35)Cl)O)O)Cl,2,5,,,,
N03,Xanthenes,3.4.5.6-tetrachlorofluorescein,,6262-21-1,509.0,,0.65,Pbs,,,,,,,,,,470.1,C20H8Cl4O5,C1=CC2=C(C=C1O)OC3=C(C24C5=C(C(=C(C(=C5Cl)Cl)Cl)Cl)C(=O)O4)C=CC(=C3)O,2,5,,,,
N04,Xanthenes,Eosin b,Acid Red 91. Saffrosine. Safrosin,548-24-3,527.0,,0.63,Ethanol,,,,,,,,,,624.1,C20H6Br2N2Na2O9,C1=CC=C(C(=C1)C2=C3C=C(C(=O)C(=C3OC4=C(C(=C(C=C24)[N+](=O)[O-])[O-])Br)Br)[N+](=O)[O-])C(=O)[O-].[Na+].[Na+],0,9,,,,
N05,Xanthenes,Eosin y,Acid Red 87,17372-87-1,520.0,2.1,0.48,,0.32,2.31,1.91,-1.08,0.76,1.23,-1.58,0.83,-1.15,,,,,,,,,
N06,Xanthenes,Phloxine b,Acid Red 92,18472-87-2,550.0,,0.67,Ethanol,,,,,,,,,,,,,,,,,,
N07,Xanthenes,Erythrosine b,,16423-68-0,535.0,,0.08,Ethanol,,,,,,,,,,879.9,C20H6I4Na2O5,C1=CC=C2C(=C1)C(=O)OC23C4=CC(=C(C(=C4OC5=C(C(=C(C=C35)I)[O-])I)I)[O-])I.[Na+].[Na+],0,5,,,,
N08,Xanthenes,Rose bengal,Acid Red 94. 4.5.6.7-Tetrachloro-2'.4'.5'.7'-Tetraiodofluorescein,11121-48-5,549.0,0.5,0.09,,0.77,2.14,1.8,-0.99,0.84,1.18,-1.33,0.81,-0.96,1017.6,C20H2Cl4I4Na2O5,C1=C2C(=C3C=C(C(=O)C(=C3OC2=C(C(=C1I)[O-])I)I)I)C4=C(C(=C(C(=C4Cl)Cl)Cl)Cl)C(=O)[O-].[Na+].[Na+],0,5,,,,
N09,Xanthenes,Xantphos,4.5-Bis(Diphenylphosphino)-9.9-Dimethylxanthene,161265-03-8,261.0,,0.16,Dichloromethane,,,,,,,,,,578.6,C39H32OP2,CC1(C2=C(C(=CC=C2)P(C3=CC=CC=C3)C4=CC=CC=C4)OC5=C1C=CC=C5P(C6=CC=CC=C6)C7=CC=CC=C7)C,0,1,,,,
N10,Xanthenes,Rhodamine 123,,62669-70-9,511.75,,0.86,Ethanol,,,,,,,,,,380.8,C21H17ClN2O3,COC(=O)C1=CC=CC=C1C2=C3C=CC(=N)C=C3OC4=C2C=CC(=C4)N.Cl,3,5,,,,
N11,Xanthenes,Rhodamine b,,81-88-9,550.0,2.45,0.58,,0.12,2.22,1.8,-0.96,0.91,1.26,-1.31,0.84,-0.89,479.0,C28H31ClN2O3,CCN(CC)C1=CC2=C(C=C1)C(=C3C=CC(=[N+](CC)CC)C=C3O2)C4=CC=CC=C4C(=O)O.[Cl-],1,5,,,,
N12,Xanthenes,Sulforhodamine b,Acid Red 52,3520-42-1,553.0,,0.7,Ethanol,,,,,,,,,,580.7,C27H29N2NaO7S2,CCN(CC)C1=CC2=C(C=C1)C(=C3C=CC(=[N+](CC)CC)C=C3O2)C4=C(C=C(C=C4)S(=O)(=O)[O-])S(=O)(=O)[O-].[Na+],0,8,,,,
N13,Xanthenes,Rhodamine 6g,,989-38-8,530.0,4.13,0.9,,0.002,2.32,2.09,-1.14,1.23,1.18,-1.09,0.95,-0.86,479.0,C28H31ClN2O3,CCNC1=CC2=C(C=C1C)C(=C3C=C(C(=[NH+]CC)C=C3O2)C)C4=CC=CC=C4C(=O)OCC.[Cl-],2,5,,,,
N14,Xanthenes,Rhodamine 101 inner salt,,41175-43-3 (116450-56-7),565.0,,0.98,Ethanol,,,,,,,,,,,,,,,,,,
N15,Xanthenes,Sulforhodamine 101,,60311-02-6,576.0,,0.9,Ethanol,,,,,,,,,,606.7,C31H30N2O7S2,C1CC2=CC3=C(C4=C2N(C1)CCC4)OC5=C6CCC[N+]7=C6C(=CC5=C3C8=C(C=C(C=C8)S(=O)(=O)O)S(=O)(=O)[O-])CCC7,1,8,,,,
O01,Miscellaneous Dyes,Dansylglycine,[5-(Dimethylamino)Naphthalene-1-Sulfonyl]Glycine,1091-85-6,338.5,,0.66,Dioxane,,,,,,,,,,308.35,C14H16N2O4S,CN(C)C1=CC=CC2=C1C=CC=C2S(=O)(=O)NCC(=O)O,2,6,,,,
O02,Miscellaneous Dyes,Lucifer yellow ch,Lucifer Yellow Ch Dilithium Salt,67769-47-5,279.75,,0.21,Water,,,,,,,,,,457.3,C13H9Li2N5O9S2,[Li+].[Li+].C1=C(C=C2C3=C1C(=C(C=C3C(=O)N(C2=O)NC(=O)NN)S(=O)(=O)[O-])N)S(=O)(=O)[O-],4,11,,,,
O03,Miscellaneous Dyes,Piroxicam,,36322-90-4,325.0,,0.035,Hexane,,,,,,,,,,331.3,C15H13N3O4S,CN1C(=C(C2=CC=CC=C2S1(=O)=O)O)C(=O)NC3=CC=CC=N3,2,6,,,,
O04,Miscellaneous Dyes,1.2.3.4.5-pentamethylcyclopentadiene,,4045-44-7,249.0,,,Ethanol,,,,,,,,,,136.23,C10H16,CC1C(=C(C(=C1C)C)C)C,0,0,,,,
O05,Miscellaneous Dyes,Ethidium bromide,,1239-45-8,285.0,,0.039,Water,,,,,,,,,,394.3,C21H20BrN3,CC[N+]1=C2C=C(C=CC2=C3C=CC(=CC3=C1C4=CC=CC=C4)N)N.[Br-],2,3,,,,
O06,Miscellaneous Dyes,4'.6-diamidino-2-phenylindole. [dapi],Dapi,28718-90-3,344.0,,0.043,Water,,,,,,,,,,350.2,C16H17Cl2N5,C1=CC(=CC=C1C2=CC3=C(N2)C=C(C=C3)C(=N)N)C(=N)N.Cl.Cl,7,2,,,,
O07,Miscellaneous Dyes,Hoechst 33258,,23491-45-4,345.5,,0.034,Water,,,,,,,,,,533.9,C25H27Cl3N6O,CN1CCN(CC1)C2=CC3=C(C=C2)N=C(N3)C4=CC5=C(C=C4)N=C(N5)C6=CC=C(C=C6)O.Cl.Cl.Cl,6,5,,,,
O08,Miscellaneous Dyes,Squarylium dye iii,,43134-09-4,627.25,,0.65,Dichloromethane,,,,,,,,,,,,,,,,,,
O09,Miscellaneous Dyes,Ellagic acid dihydrate,,133039-73-3,276.0,,,Pbs,,,,,,,,,,338.22,C14H10O10,C1=C2C3=C(C(=C1O)O)OC(=O)C4=CC(=C(C(=C43)OC2=O)O)O.O.O,6,10,,,,
O10,Miscellaneous Dyes,Betalamic acid,,18766-66-0,424.0,,,Water,,,,,,,,,,211.17,C9H9NO5,C1C(NC(=CC1=CC=O)C(=O)O)C(=O)O,3,6,,,,
O11,Miscellaneous Dyes,Betanin,,7659-95-2,535.0,,,Pbs,,,,,,,,,,550.5,C24H26N2O13,C1C(N=C(C=C1C=CN2C(CC3=CC(=C(C=C32)O)OC4C(C(C(C(O4)CO)O)O)O)C(=O)O)C(=O)O)C(=O)O,8,15,,,,
O12,Miscellaneous Dyes,Rutin trihydrate,,153-18-4,205.0,,,Methanol,,,,,,,,,,610.5,C27H30O16,CC1C(C(C(C(O1)OCC2C(C(C(C(O2)OC3=C(OC4=CC(=CC(=C4C3=O)O)O)C5=CC(=C(C=C5)O)O)O)O)O)O)O)O,10,16,,,,
O13,Miscellaneous Dyes,Hesperidin,,520-26-3,203.0,,,Methanol,,,,,,,,,,610.6,C28H34O15,CC1C(C(C(C(O1)OCC2C(C(C(C(O2)OC3=CC(=C4C(=O)CC(OC4=C3)C5=CC(=C(C=C5)OC)O)O)O)O)O)O)O)O,8,15,,,,
P01,Dipyrrins,5-phenyldipyrromethane,,107798-98-1,208.0,,,Hexane,,,,,,,,,,222.28,C15H14N2,C1=CC=C(C=C1)C(C2=CC=CN2)C3=CC=CN3,2,0,,,,
P02,Dipyrrins,5-phenyldipyrrin,Meso-Phenyl-2.2'-Dipyrromethene,118762-53-1,432.0,,,Toluene,,,,,,,,,,,,,,,,,,
P03,Dipyrrins,N.n'-difluoroboryl-1.9-dimethyl-5-phenydipyrrin,,865479-43-2,502.75,,0.053,Toluene,,,,,,,,,,,,,,,,,,
P04,Dipyrrins,N.n'-difluoroboryl-1.9-dimethyl-5-(4-iodophenyl)dipyrrin,,RRN 8641167,515.5,,0.23,Toluene,,,,,,,,,,,,,,,,,,
P05,Dipyrrins,N.n'-difluoroboryl-1.9-dimethyl-5-[(4-(2-trimethylsilylethynyl)pheny]dipyrrin,,RRN 9294810,515.75,,0.078,Toluene,,,,,,,,,,,,,,,,,,
P06,Dipyrrins,Bis(5-phenyldipyrrinato)zinc,,RRN 11327052,485.0,,0.006,Toluene,,,,,,,,,,,,,,,,,,
P07,Dipyrrins,Bis(5-mesityldipyrrinato)zinc,,RRN 11327059,487.0,,0.36,Toluene,,,,,,,,,,,,,,,,,,
Q01,Porphyrins,H2p,Porphine; Porphin,101-60-0,396.25,,0.043,Toluene,,,,,,,,,,310.4,C20H14N4,C1=CC2=CC3=CC=C(N3)C=C4C=CC(=N4)C=C5C=CC(=N5)C=C1N2,2,2,,,,
Q02,Porphyrins,Mgp,Magnesium Porphine,RRN 1226935,402.0,,0.058,Propanol,,,,,,,,,,,,,,,,,,
Q03,Porphyrins,Znp,Zinc Porphine,RRN 1226937,399.0,,0.0084,Ethanol,,,,,,,,,,,,,,,,,,
Q04,Porphyrins,H2oep,Octaethylporphyrin; 2.3.7.8.12.13.17.18-Octaethyl-21H.23H-Porphine,2683-82-1,400.0,,0.13,Benzene,,,,,,,,,,534.8,C36H46N4,CCC1=C(C2=CC3=NC(=CC4=NC(=CC5=C(C(=C(N5)C=C1N2)CC)CC)C(=C4CC)CC)C(=C3CC)CC)CC,2,2,,,,
Q05,Porphyrins,Mgoep,Magnesium Octaethylporphyrin,20910-35-4,409.75,,0.15,Toluene,,,,,,,,,,557.1,C36H44MgN4,CCC1=C(C2=CC3=NC(=CC4=NC(=CC5=C(C(=C([N-]5)C=C1[N-]2)CC)CC)C(=C4CC)CC)C(=C3CC)CC)CC.[Mg+2],0,4,,,,
Q06,Porphyrins,Cuoep,Copper(Ii) Octaethylporphyrin,14409-63-3,400.0,,,Toluene,,,,,,,,,,596.3,C36H44CuN4,CCC1=C(C2=CC3=NC(=CC4=C(C(=C([N-]4)C=C5C(=C(C(=N5)C=C1[N-]2)CC)CC)CC)CC)C(=C3CC)CC)CC.[Cu+2],0,4,,,,
Q07,Porphyrins,Znoep,Zinc Octaethylporphyrin; 2.3.7.8.12.13.17.18-Octaethyl-21H.23H-Porphine Zinc(Ii),17632-18-7,404.25,,0.045,Benzene,,,,,,,,,,598.1,C36H44N4Zn,CCC1=C(C2=CC3=NC(=CC4=C(C(=C([N-]4)C=C5C(=C(C(=N5)C=C1[N-]2)CC)CC)CC)CC)C(=C3CC)CC)CC.[Zn+2],0,4,,,,
Q08,Porphyrins,H2tpp,Tetraphenylporphyrin; 5.10.15.20-Tetraphenyl-21H.23H-Porphine,917-23-7,419.25,,0.11,Toluene,,,,,,,,,,614.7,C44H30N4,C1=CC=C(C=C1)C2=C3C=CC(=C(C4=NC(=C(C5=CC=C(N5)C(=C6C=CC2=N6)C7=CC=CC=C7)C8=CC=CC=C8)C=C4)C9=CC=CC=C9)N3,2,2,,,,
Q09,Porphyrins,Mgtpp,Magnesium Tetraphenylporphyrin; 5.10.15.20-Tetraphenyl-21H.23H-Porphine Magnesium(Ii),14640-21-2,426.0,,0.15,Toluene,,,,,,,,,,,,,,,,,,
Q10,Porphyrins,Zntpp,Zinc Tetraphenylporphyrin; 5.10.15.20-Tetraphenyl-21H.23H-Porphine Zinc(Ii),14074-80-7,422.75,,0.033,Toluene,,,,,,,,,,678.1,C44H28N4Zn,C1=CC=C(C=C1)C2=C3C=CC(=C(C4=NC(=C(C5=CC=C([N-]5)C(=C6C=CC2=N6)C7=CC=CC=C7)C8=CC=CC=C8)C=C4)C9=CC=CC=C9)[N-]3.[Zn+2],0,4,,,,
Q11,Porphyrins,H2tmp,Tetramesitylporphyrin; 5.10.15.20-Tetramesityl-21H.23H-Porphine,56396-12-4,419.0,,0.088,Toluene,,,,,,,,,,783.1,C56H54N4,CC1=CC(=C(C(=C1)C)C2=C3C=CC(=C(C4=NC(=C(C5=CC=C(N5)C(=C6C=CC2=N6)C7=C(C=C(C=C7C)C)C)C8=C(C=C(C=C8C)C)C)C=C4)C9=C(C=C(C=C9C)C)C)N3)C,2,2,,,,
Q12,Porphyrins,Mgtmp,Magnesium Tetramesitylporphyrin; 5.10.15.20-Tetramesityl-21H.23H-Porphine Magnesium(Ii),RNN 8608739,426.5,,0.17,Toluene,,,,,,,,,,,,,,,,,,
Q13,Porphyrins,Zntmp,Zin Tetramesitylporphyrin; 5.10.15.20-Tetramesityl-21H.23H-Porphine Zinc(Ii),RNN 4648207,421.5,,0.039,Toluene,,,,,,,,,,,,,,,,,,
Q14,Porphyrins,H2ttp,Tetrakis(4-Methylphenyl)Porphyrin [Ttp],14527-51-6,420.0,,0.12,Benzene,,,,,,,,,,670.8,C48H38N4,CC1=CC=C(C=C1)C2=C3C=CC(=C(C4=NC(=C(C5=CC=C(N5)C(=C6C=CC2=N6)C7=CC=C(C=C7)C)C8=CC=C(C=C8)C)C=C4)C9=CC=C(C=C9)C)N3,2,2,,,,
Q15,Porphyrins,(o-h2nph)h2p,Tetrakis(O-Aminophenyl)Porphyrin; 5.10.15.20-Tetrakis(2-Aninophenyl)-21H.23H-Porphine,52199-35-6,420.75,,0.091,Toluene,,,,,,,,,,674.8,C44H34N8,C1=CC=C(C(=C1)C2=C3C=CC(=C(C4=NC(=C(C5=CC=C(N5)C(=C6C=CC2=N6)C7=CC=CC=C7N)C8=CC=CC=C8N)C=C4)C9=CC=CC=C9N)N3)N,6,6,,,,
Q16,Porphyrins,(odc)h2p,Tetrakis(2.6-Dichlorophenyl)Porphyrin; 5.10.15.20-Tetrakis(2.6-Dichlorophenyl)-21H.23H-Porphine,37083-37-7,419.0,,0.0019,Toluene,,,,,,,,,,890.3,C44H22Cl8N4,C1=CC(=C(C(=C1)Cl)C2=C3C=CC(=C(C4=NC(=C(C5=CC=C(N5)C(=C6C=CC2=N6)C7=C(C=CC=C7Cl)Cl)C8=C(C=CC=C8Cl)Cl)C=C4)C9=C(C=CC=C9Cl)Cl)N3)Cl,2,2,,,,
Q17,Porphyrins,C6f5-h2p,Tetrakis(Pentafluorophenyl)Porphyrin,25440-14-6,417.0,,0.032,Benzene,,,,,,,,,,974.5,C44H10F20N4,C1=CC2=C(C3=NC(=C(C4=CC=C(N4)C(=C5C=CC(=N5)C(=C1N2)C6=C(C(=C(C(=C6F)F)F)F)F)C7=C(C(=C(C(=C7F)F)F)F)F)C8=C(C(=C(C(=C8F)F)F)F)F)C=C3)C9=C(C(=C(C(=C9F)F)F)F)F,2,22,,,,
Q18,Porphyrins,N-confused tetraphenylporphyrin,N-Confused H2Tpp,RNN 10319450,440.0,,0.00156,Chloroform,,,,,,,,,,,,,,,,,,
Q19,Porphyrins,H4tpp2+,Diprotonated-Tetraphenylporphyrin,,444.5,,0.14,Benzene + tfa,,,,,,,,,,,,,,,,,,
Q20,Porphyrins,Zntmp.+,Zinc Tetramesitylporphyrin Radical Cation,,412.0,,,Dichloromethane,,,,,,,,,,,,,,,,,,
Q21,Porphyrins,Protoporphyrin ix dimethyl ester,,5522-66-7,408.0,,0.1,Methanol,,,,,,,,,,590.7,C36H38N4O4,CC1=C(C2=CC3=NC(=CC4=NC(=CC5=C(C(=C(N5)C=C1N2)C=C)C)C(=C4CCC(=O)OC)C)C(=C3C)CCC(=O)OC)C=C,2,6,,,,
Q22,Porphyrins,Hematin,,15489-90-4,385.9,,,Acetic acid,,,,,,,,,,634.5,C34H34FeN4O5,CC1=C(C2=CC3=NC(=CC4=C(C(=C([N-]4)C=C5C(=C(C(=N5)C=C1[N-]2)C)C=C)C)C=C)C(=C3CCC(=O)O)C)CCC(=O)O.O.[Fe+2],3,9,,,,
Q23,Porphyrins,Tetrabenzoporphine,,52952-31-5,429.0,,0.0,,,,,,,,,,,510.6,C36H22N4,C1=CC=C2C(=C1)C3=CC4=NC(=CC5=C6C=CC=CC6=C(N5)C=C7C8=CC=CC=C8C(=N7)C=C2N3)C9=CC=CC=C94,2,2,,,,
Q24,Porphyrins,H2tbp(co2bu),Tbp-Beta-Octa(Coobu)-Fb,RNN 10238035,447.0,,0.27,Dimethylformamide,,,,,,,,,,,,,,,,,,
Q25,Porphyrins,Zntbp(co2bu),Tbp-Beta-Octa(Coobu)-Zn,RNN 10238613,452.0,,0.15,Pyridine,,,,,,,,,,,,,,,,,,
Q26,Porphyrins,Pdtbp(co2bu),Tbp-Beta-Octa(Coobu)-Pd,RNN 10238614,426.0,,0.23,Dimethylformamide,,,,,,,,,,,,,,,,,,
Q27,Porphyrins,H2tbp(co2me)ph,Tbp-Meso-Tetra(4-Coome-Phenyl)-Fb,,469.0,,0.027,Dimethylformamide,,,,,,,,,,,,,,,,,,
Q28,Porphyrins,Zntbp(co2me)ph,Tbp-Meso-Tetra(4-Coome-Phenyl)-Zn,,471.0,,0.01,Dimethylformamide,,,,,,,,,,,,,,,,,,
Q29,Porphyrins,Pdtbp(co2me)ph,Tbp-Meso-Tetra(4-Coome-Phenyl)-Pd,,443.0,,0.106,Dimethylformamide,,,,,,,,,,,,,,,,,,
Q30,Porphyrins,Zntcph(co2me)ph,Tcph-Meso-Tetra(4-Coome-Phenyl)-Zn,,453.0,,0.0005,Dimethylformamide,,,,,,,,,,,,,,,,,,
Q31,Porphyrins,Pdtcph(co2me)ph,Tcph-Meso-Tetra(4-Coome-Phenyl)-Pd,,428.0,,,Dimethylformamide,,,,,,,,,,,,,,,,,,
Q32,Porphyrins,H2tbp(co2bu)ph,Tbp-Meso-Tetraphenyl-Beta-Octa(Coome)-Fb,RNN 8824349,483.0,,0.018,Dimethylformamide,,,,,,,,,,,,,,,,,,
Q33,Porphyrins,Zntbp(co2bu)ph,Tbp-Meso-Tetraphenyl-Beta-Octa(Coome)-Zn,RNN 8824926,487.0,,0.03,Dimethylformamide,,,,,,,,,,,,,,,,,,
Q34,Porphyrins,Pdtbp(co2bu)ph,Tbp-Meso-Tetraphenyl-Beta-Octa(Coome)-Pd,RNN 8755729,460.0,,0.03,Dimethylformamide,,,,,,,,,,,,,,,,,,
R01,Oligopyrroles,Ph-corrole,5.10.15-Triphenylcorrole,246231-45-8,416.0,,0.14,Dichloromethane,,,,,,,,,,526.6,C37H26N4,C1=CC=C(C=C1)C2=C3C=CC(=C4C=CC(=C(C5=CC=C(N5)C(=C6C=CC2=N6)C7=CC=CC=C7)C8=CC=CC=C8)N4)N3,3,1,,,,
R02,Oligopyrroles,C6f5-corrole,5.10.15-Tris(Pentafluorophenyl)Corrole,262280-80-8,408.0,,0.11,Dichloromethane,,,,,,,,,,,,,,,,,,
R03,Oligopyrroles,Sapphyrin,Tetraphenyl Sapphyrin,RNN 7345536,491.0,,,Dichloromethane,,,,,,,,,,,,,,,,,,
R04,Oligopyrroles,Bilirubin,,635-65-4,450.75,,,Chloroform,,,,,,,,,,584.7,C33H36N4O6,CC1=C(NC(=C1CCC(=O)O)CC2=C(C(=C(N2)C=C3C(=C(C(=O)N3)C)C=C)C)CCC(=O)O)C=C4C(=C(C(=O)N4)C=C)C,6,6,,,,
R05,Oligopyrroles,Biliverdin dimethyl ester,,10035-62-8,377.0,,,Ethanol,,,,,,,,,,610.7,C35H38N4O6,CC1=C(C(=CC2=C(C(=C(N2)C=C3C(=C(C(=O)N3)C)C=C)C)CCC(=O)OC)NC1=CC4=NC(=O)C(=C4C)C=C)CCC(=O)OC,3,7,,,,
R06,Oligopyrroles,Cyanocobalamin,Synthetic Form Of Vitamin B12,68-19-9,361.0,,,Borate buffer (ph 10),,,,,,,,,,1355.4,C63H88CoN14O14P,CC1=CC2=C(C=C1C)N(C=N2)C3C(C(C(O3)CO)OP(=O)([O-])OC(C)CNC(=O)CCC4(C(C5C6(C(C(C(=C(C7=NC(=CC8=NC(=C(C4=N5)C)C(C8(C)C)CCC(=O)N)C(C7(C)CC(=O)N)CCC(=O)N)C)[N-]6)CCC(=O)N)(C)CC(=O)N)C)CC(=O)N)C)O.[C-]#N.[Co+3],9,21,,,,
S01,Phthalocyanines,H2pc,Phthalocyanine; 29H.31H-Phthalocyanine,574-93-6,698.5,,0.6,Chloronaphthalene,,,,,,,,,,514.5,C32H18N8,C1=CC=C2C(=C1)C3=NC4=NC(=NC5=C6C=CC=CC6=C(N5)N=C7C8=CC=CC=C8C(=N7)N=C2N3)C9=CC=CC=C94,2,6,,,,
S02,Phthalocyanines,Mgpc,Magnesium Phthalocyanine; Cyanide Ionophore Ii,1661-03-6,674.0,,0.48,Chloronaphthalene,,,,,,,,,,538.8,C32H18MgN8+2,C1=CC=C2C(=C1)C3=[NH+]C2=NC4=C5C=CC=CC5=C([N-]4)N=C6C7=CC=CC=C7C(=[NH+]6)N=C8C9=CC=CC=C9C(=N3)[N-]8.[Mg+2],2,4,,,,
S03,Phthalocyanines,Fepc,Iron(Ii) Phthalocyanine,132-16-1,662.0,,,Dimethylformamide,,,,,,,,,,568.4,C32H16FeN8,C1=CC=C2C(=C1)C3=NC4=NC(=NC5=C6C=CC=CC6=C([N-]5)N=C7C8=CC=CC=C8C(=N7)N=C2[N-]3)C9=CC=CC=C94.[Fe+2],0,8,,,,
S04,Phthalocyanines,Znpc,Zinc Phthalocyanine,14320-04-8,674.0,,0.3,Pyridine,,,,,,,,,,577.9,C32H16N8Zn,C1=CC=C2C(=C1)C3=NC4=NC(=NC5=C6C=CC=CC6=C([N-]5)N=C7C8=CC=CC=C8C(=N7)N=C2[N-]3)C9=CC=CC=C94.[Zn+2],0,8,,,,
S05,Phthalocyanines,H2pc(obu),1.4.8.11.15.18.22.25-Octabutoxy-29H.31H-Phthalocyanine,116453-73-7,763.0,,0.13,Chloroform,,,,,,,,,,1091.4,C64H82N8O8,CCCCOC1=C2C(=C(C=C1)OCCCC)C3=NC4=NC(=NC5=C6C(=CC=C(C6=C(N5)N=C7C8=C(C=CC(=C8C(=N7)N=C2N3)OCCCC)OCCCC)OCCCC)OCCCC)C9=C(C=CC(=C94)OCCCC)OCCCC,2,14,,,,
S06,Phthalocyanines,H2pc(tbu),2.9.16.23-Tetra-Tert-Butyl-29H.31H-Phthalocyanine,35984-93-1,699.0,,0.77,Benzene,,,,,,,,,,,,,,,,,,
S07,Phthalocyanines,Znpc(tbu),Zinc 2.9.16.23-Tetra-Tert-Butyl-29H.31H-Phthalocyanine,39001-65-5,677.0,,0.37,Benzene,,,,,,,,,,802.3,C48H48N8Zn,CC(C)(C)C1=CC2=C(C=C1)C3=NC4=NC(=NC5=C6C=C(C=CC6=C([N-]5)N=C7C8=C(C=CC(=C8)C(C)(C)C)C(=N7)N=C2[N-]3)C(C)(C)C)C9=C4C=C(C=C9)C(C)(C)C.[Zn+2],0,4,,,,
S08,Phthalocyanines,H2nc(onbu),5.9.14.18.23.27.32.36-Octabutoxy-2.3-Naphthalocyanine,105528-25-4,865.0,,,Toluene,,,,,,,,,,1291.6,C80H90N8O8,CCCCOC1=C2C=CC=CC2=C(C3=C4NC(=C31)N=C5C6=C(C7=CC=CC=C7C(=C6C(=N5)N=C8C9=C(C1=CC=CC=C1C(=C9C(=NC1=NC(=N4)C2=C(C3=CC=CC=C3C(=C21)OCCCC)OCCCC)N8)OCCCC)OCCCC)OCCCC)OCCCC)OCCCC,2,14,,,,
S09,Phthalocyanines,H2nc(tbu),2.11.20.29-Tetra-Tert-Butyl-2.3-Naphthalocyanine; Tetra-Tert-Butyl-Naphthalocyanine,58687-99-3,784.37,,0.01,Chloroform,,,,,,,,,,939.2,C64H58N8,CC(C)(C)C1=CC2=CC3=C(C=C2C=C1)C4=NC5=C6C=C7C=C(C=CC7=CC6=C(N5)N=C8C9=C(C=C1C=CC(=CC1=C9)C(C)(C)C)C(=N8)N=C1C2=C(C=C5C=CC(=CC5=C2)C(C)(C)C)C(=N1)N=C3N4)C(C)(C)C,2,6,,,,
S10,Phthalocyanines,H2n4p(tbu),2.7.12.17-Tetra-Tert-Butyl-5.10.15.20-Tetraaza-21H.23H-Porphine; Tetra-Tert-Butyl-Tetraazaporphine,64987-70-8,624.38,,0.21,Chloroform,,,,,,,,,,538.7,C32H42N8,CC(C)(C)C1=CC2=NC3=C(C=C(N3)N=C4C(=CC(=N4)N=C5C(=CC(=N5)N=C1N2)C(C)(C)C)C(C)(C)C)C(C)(C)C,2,6,,,,
S11,Phthalocyanines,Boron subphthalocyanine chloride,,36530-06-0,569.0,,0.25,Benzene,,,,,,,,,,430.7,C24H12BClN6,B1(N2C3=C4C=CC=CC4=C2N=C5N1C(=NC6=NC(=N3)C7=CC=CC=C76)C8=CC=CC=C85)Cl,0,2,,,,
T01,Chlorins Bacteriochlorins,Chlorophyll a,,479-61-8,429.0,,0.32,Diethyl ether,,,,,,,,,,893.5,C55H72MgN4O5,CCC1=C(C2=NC1=CC3=C(C4=C([N-]3)C(=C5C(C(C(=N5)C=C6C(=C(C(=C2)[N-]6)C=C)C)C)CCC(=O)OCC=C(C)CCCC(C)CCCC(C)CCCC(C)C)C(C4=O)C(=O)OC)C)C.[Mg+2],0,9,,,,
T02,Chlorins Bacteriochlorins,Chlorophyll b,,519-62-0,453.0,,0.117,Diethyl ether,,,,,,,,,,907.5,C55H70MgN4O6,CCC1=C(C2=NC1=CC3=C(C4=C([N-]3)C(=C5C(C(C(=N5)C=C6C(=C(C(=C2)[N-]6)C=C)C)C)CCC(=O)OCC=C(C)CCCC(C)CCCC(C)CCCC(C)C)C(C4=O)C(=O)OC)C)C=O.[Mg+2],0,10,,,,
T03,Chlorins Bacteriochlorins,Pheophorbide a,,15664-29-6,410.0,,0.28,Ethanol,,,,,,,,,,592.7,C35H36N4O5,CCC1=C(C2=NC1=CC3=C(C4=C(C(C(=C5C(C(C(=CC6=NC(=C2)C(=C6C)C=C)N5)C)CCC(=O)O)C4=N3)C(=O)OC)O)C)C,3,9,,,,
T04,Chlorins Bacteriochlorins,Pyropheophorbide a,,24533-72-0,413.0,,0.31,Dimethylformamide,,,,,,,,,,534.6,C33H34N4O3,CCC1=C(C2=NC1=CC3=C(C4=C(CC(=C5C(C(C(=CC6=NC(=C2)C(=C6C)C=C)N5)C)CCC(=O)O)C4=N3)O)C)C,3,7,,,,
T05,Chlorins Bacteriochlorins,Pyropheophorbide a methyl ester,Methyl Pyropheophorbide A,6453-67-4,414.0,,0.21,Dichloromethane,,,,,,,,,,548.7,C34H36N4O3,CCC1=C(C2=NC1=CC3=C(C4=C(CC(=C5C(C(C(=CC6=NC(=C2)C(=C6C)C=C)N5)C)CCC(=O)OC)C4=N3)O)C)C,2,7,,,,
T06,Chlorins Bacteriochlorins,Chlorin e6,,19660-77-6,401.0,,0.16,Ethanol,,,,,,,,,,596.7,C34H36N4O6,CCC1=C(C2=CC3=C(C(=C(N3)C=C4C(C(C(=N4)C(=C5C(=C(C(=N5)C=C1N2)C)C(=O)O)CC(=O)O)CCC(=O)O)C)C)C=C)C,5,8,,,,
T07,Chlorins Bacteriochlorins,Purpurin 18,,25465-77-4,413.0,,0.08,Toluene,,,,,,,,,,564.6,C33H32N4O5,CCC1=C(C2=NC1=CC3=C(C4=C(N3)C(=C5C(C(C(=CC6=NC(=C2)C(=C6C)C=C)N5)C)CCC(=O)O)C(=O)OC4=O)C)C,3,7,,,,
T08,Chlorins Bacteriochlorins,H2tpc,Meso-Tetraphenylchlorin,2669-65-0,421.0,,0.28,Toluene,,,,,,,,,,,,,,,,,,
T09,Chlorins Bacteriochlorins,H2c-1,17.18-Dihydro-5-(4-Methylphenyl)-10-Mesityl-18.18-Dimethylporphyrin.,RNN 8601239,414.0,,0.26,Toluene,,,,,,,,,,,,,,,,,,
T10,Chlorins Bacteriochlorins,Cuc-1,Cupper(Ii)-17.18-Dihydro-10-Mesityl-18.18-Dimethyl-5-(4-Methylphenyl)Porphyrin,RNN 8606740,409.0,,,Toluene,,,,,,,,,,,,,,,,,,
T11,Chlorins Bacteriochlorins,Znc-1,Zinc(Ii)-17.18-Dihydro-10-Mesityl-18.18-Dimethyl-5-(4-Methylphenyl)Porphyrin,RNN 8606739,411.0,,0.083,Toluene,,,,,,,,,,,,,,,,,,
T12,Chlorins Bacteriochlorins,H2coxo-1,17.18-Dihydro-18.18-Dimethyl-5-(4-Methylphenyl)-10-Mesityl-17-Oxoporphyrin,RNN 9374284,415.0,,0.13,Toluene,,,,,,,,,,,,,,,,,,
T13,Chlorins Bacteriochlorins,Mgcoxo-1,Magnesium(Ii)-17.18-Dihydro-18.18-Dimethyl-5-(4-Methylphenyl)-10-Mesityl-17-Oxoporphyrin,RNN 9379026,425.0,,0.1,Toluene,,,,,,,,,,,,,,,,,,
T14,Chlorins Bacteriochlorins,Cucoxo-1,Cupper(Ii)-17.18-Dihydro-18.18-Dimethyl-5-(4-Methylphenyl)-10-Mesityl-17-Oxoporphyrin,RNN 9379028,420.0,,,Toluene,,,,,,,,,,,,,,,,,,
T15,Chlorins Bacteriochlorins,Zncoxo-1,Zinc(Ii)-17.18-Dihydro-18.18-Dimethyl-5-(4-Methylphenyl)-10-Mesityl-17-Oxoporphyrin,RNN 9379029,423.0,,0.04,Toluene,,,,,,,,,,,,,,,,,,
T16,Chlorins Bacteriochlorins,Bacteriochlorophyll a,,17499-98-8,780.2,,0.2,Toluene,,,,,,,,,,911.5,C55H74MgN4O6,CCC1C(C2=CC3=C(C(=C([N-]3)C=C4C(C(C(=N4)C5=C6C(=C(C(=CC1=N2)[N-]6)C)C(=O)C5C(=O)OC)CCC(=O)OCC=C(C)CCCC(C)CCCC(C)CCCC(C)C)C)C)C(=O)C)C.[Mg+2],0,10,,,,
Nice01,Aromatic Hydrocarbons,1.4-dicyanobenzene,DCB,623-26-7,290.0,9.7,,,,4.01,3.04,-1.46,,2.55,,1.58,,128.13,C8H4N2,C1=CC(=CC=C1C#N)C#N,0,2,,,,
Nice02,Aromatic Hydrocarbons,1.4-dicyanonaphtalene,DCN,3029-30-9,325.0,10.3,,,,3.57,2.41,-1.27,,2.3,,1.15,,178.19,C12H6N2,C1=CC=C2C(=CC=C(C2=C1)C#N)C#N,0,2,,,,
Nice03,Aromatic Hydrocarbons,9.10-dicyanoanthracene,DCA,1217-45-4,422.0,14.9,0.76,,0.0085,2.9,1.81,-0.91,,1.99,,0.9,,228.25,C16H8N2,C1=CC=C2C(=C1)C(=C3C=CC=CC3=C2C#N)C#N,0,2,,,,
Nice04,Benzophenones,Benzophenone,BP,119-61-9,335.0,0.008,,,1.0,3.22,3.0,-1.72,2.39,1.5,-0.83,1.28,-0.61,182.22,C13H10O,C1=CC=C(C=C1)C(=O)C2=CC=CC=C2,0,1,,,,
Nice05,Benzophenones,Michler's Ketone,MK,90-94-8,365.0,,,,,2.98,2.7,-2.2,0.86,0.76,-2.12,0.48,-1.84,268.35,C17H20N2O,CN(C)C1=CC=C(C=C1)C(=O)C2=CC=C(C=C2)N(C)C,0,3,,,,
Nice06,Benzophenones,Fluorenone,FLN,486-25-9,377.0,16.2,,,0.97,,2.31,-1.35,1.7,,,0.96,-0.61,180.20,C13H8O,C1=CC=C2C(=C1)C3=CC=CC=C3C2=O,0,1,,,,
Nice07,Benzophenones,Xanthone,XO,90-47-1,340.0,,,,1.0,3.4,3.22,-1.65,1.8,1.76,-1.61,1.57,-1.42,196.20,C13H8O2,C1=CC=C2C(=C1)C(=O)C3=CC=CC=C3O2,0,2,,,,
Nice08,Benzophenones,Thioxanthone,TXO,492-22-8,360.0,2.0,,,0.99,3.14,2.8,-1.62,1.69,1.52,-1.45,1.18,-1.11,212.27,C13H8OS,C1=CC=C2C(=C1)C(=O)C3=CC=CC=C3S2,0,2,,,,
Nice09,Quinones,p-Chloranil,TCBQ,118-75-2,450.0,,,,1.0,,2.46,0.0,,,,2.46,,245.9,C6Cl4O2,C1(=C(C(=O)C(=C(C1=O)Cl)Cl)Cl)Cl,0,2,,,,
Nice10,Quinones,Anthraquinone,AQ,84-65-1,326.0,,,,1.04,,2.73,-0.96,,,,1.77,,208.21,C14H8O2,C1=CC=C2C(=C1)C(=O)C3=CC=CC=C3C2=O,0,2,,,,
Nice11,Pyryliums,2.4.6-triphenylpyrylium,TPT+,15959-35-0,415.0,4.38,0.58,,0.42,2.83,2.3,-0.32,,2.55,,2.02,,309.4,C23H17O+,C1=CC=C(C=C1)C2=CC(=[O+]C(=C2)C3=CC=CC=C3)C4=CC=CC=C4,0,0,,,,
Nice12,Pyryliums,2.4.6-tris-(4-methoxyphenyl)pyrylium,p-OMeTPT+,47659-08-5,422.0,4.0,0.95,,0.03,2.34,2.21,-0.5,,1.84,,1.71,,399.5,C26H23O4+,COC1=CC=C(C=C1)C2=CC(=[O+]C(=C2)C3=CC=C(C=C3)OC)C4=CC=C(C=C4)OC,0,3,,,,
Nice13,Pyryliums,2.4.6-triphenylthiopyrylium,TTPP+,18342-83-1,414.0,3.6,0.03,,,2.64,2.28,-0.19,,2.45,,2.09,,325.4,C23H17S+,C1=CC=C(C=C1)C2=CC(=[S+]C(=C2)C3=CC=CC=C3)C4=CC=CC=C4,0,0,,,,
Nice14,Pyryliums,2.4.6-tris-(4-methoxyphenyl)thiopyrylium,p-OMeTTPP+,47659-14-3,455.0,,,,0.94,2.23,,-0.33,,1.9,,,,415.5,C26H23O3S+,COC1=CC=C(C=C1)C2=CC(=[S+]C(=C2)C3=CC=C(C=C3)OC)C4=CC=C(C=C4)OC,0,3,,,,
Nice15,Quinones,N-methylquinolinium,NMQ+. 1-methylquinolinium,21979-19-1,315.0,20.0,0.79,,,3.5,,-0.85,,2.7,,,,144.19,C10H10N+,C[N+]1=CC=CC2=CC=CC=C21,0,0,,,,
Nice16,Quinones,3-cyano-1-methylquinolinium,QuCN+,46176-64-1,329.0,45.0,,,,3.32,,-0.6,,2.72,,,,169.20,C11H9N2+,C[N+]1=CC(=CC2=CC=CC=C21)C#N,0,1,,,,
Nice17,Acridines,10-methylacridinium,Acr-Me+,26456-05-3,,37.0,1.0,,,2.8,,-0.46,,2.32,,,,293.70,C14H12ClNO4,C[N+]1=C2C=CC=CC2=CC3=CC=CC=C31.[O-]Cl(=O)(=O)=O,0,4,,,,
Nice18,Acridines,9-Phenyl-10-methylacridinium,Ph-Acr-Me+,36519-61-6,424.0,1.5,0.063,,,,,-0.54,,,,,,369.8,C20H16ClNO4,C[N+]1=C2C=CC=CC2=C(C3=CC=CC=C31)C4=CC=CC=C4.[O-]Cl(=O)(=O)=O,0,4,,,,
Nice19,Acridines,9-Mesityl-10-methyl-acridinium,Mes-Acr-Me+,674783-96-1,425.0,6.0,0.035,,0.38,2.67,1.94,-0.49,,2.18,,1.45,,312.4,C23H22N+,CC1=CC(=C(C(=C1)C)C2=C3C=CC=CC3=[N+](C4=CC=CC=C42)C)C,0,0,,,,
Nice20,Acridines,Acridine orange acid,AOH+,,495.0,1.8,0.18,,,2.58,2.07,-1.18,,,,0.95,,,,,,,,,,
Nice21,Acridines,Acriflavin,AcrF+,8048-52-0,470.0,,0.54,,,2.56,2.22,,,,,,,469.0,C27H25ClN6,C[N+]1=C2C=C(C=CC2=CC3=C1C=C(C=C3)N)N.C1=CC(=CC2=NC3=C(C=CC(=C3)N)C=C21)N.[Cl-],4,6,,,,
Nice22,Thiazines,10-phenylphenothiazine,PTh,7152-42-3,300.0,0.81,,,,,,,,,,,,275.4,C18H13NS,C1=CC=C(C=C1)N2C3=CC=CC=C3SC4=CC=CC=C42,0,2,,,,
,,,,,,,,,,2.8,2.4,,0.68,,-2.1,,-1.7,,,,,,,,,
