PhotochemCAD ID,Compound Category,Name,Synonym,CAS,Absorption Wavelength,Quantum Yield,Solvent
A01,Aromatic Hydrocarbons,Benzene,,71-43-2,254.75,0.053,Hexane
A02,Aromatic Hydrocarbons,Toluene,,108-88-3,261.75,0.17,Cyclohexane
A03,Aromatic Hydrocarbons,O-xylene,,95-47-6,263.0,0.17,Hexane
A04,Aromatic Hydrocarbons,M-xylene,,108-38-3,265.0,0.13,Hexane
A05,Aromatic Hydrocarbons,P-xylene,,106-42-3,275.0,0.22,Hexane
A06,Aromatic Hydrocarbons,Mesitylene,"1,3,5-Trimethylbenzene",108-67-8,265.0,0.088,Hexane
A07,Aromatic Hydrocarbons,Durene,"1,2,4,5-Tetramethylbenzene",95-93-2,278.0,0.3,Hexane
A08,Aromatic Hydrocarbons,Pentamethylbenzene,,700-12-9,271.0,0.075,Hexane
A09,Aromatic Hydrocarbons,Hexamethylbenzene,,87-85-4,271.0,0.01,Hexane
A10,Aromatic Hydrocarbons,Phenol,,108-95-2,270.75,0.075,Hexane
A11,Aromatic Hydrocarbons,Anisole,Methoxybenzene,100-66-3,220.0,0.45,Cyclohexane
A12,Aromatic Hydrocarbons,Benzonitrile,Phenyl Cyanide,100-47-0,222.0,0.23,Cyclohexane
A13,Aromatic Hydrocarbons,Benzaldehyde,Phenylmethanal,100-52-7,242.0,,Cyclohexane
A14,Aromatic Hydrocarbons,Benzoic acid,,65-85-0,227.0,,Methanol
A15,Aromatic Hydrocarbons,Acetophenone,Methyl Phenyl Ketone,98-86-2,241.0,,Ethanol
A16,Aromatic Hydrocarbons,Aniline,,62-53-3,288.0,0.17,Cyclohexane
A17,Aromatic Hydrocarbons,"N,n-dimethyl-aniline",,121-69-7,251.0,0.19,Cyclohexane
A18,Aromatic Hydrocarbons,Phenylhydrazine hydrochloride,,59-88-1,279.0,,Pbs
A19,Aromatic Hydrocarbons,Chlorobenzene,,108-90-7,265.0,0.0042,Cyclohexane
A20,Aromatic Hydrocarbons,Iodobenzene,,591-50-4,228.0,,Cyclohexane
A21,Aromatic Hydrocarbons,Nitrobenzene,,98-95-3,258.0,,Ethanol
A22,Aromatic Hydrocarbons,Styrene,Phenylethylene; Vinylbenzene,100-42-5,248.0,0.22,Cyclohexane
A23,Aromatic Hydrocarbons,Phenylacetylene,Ethynylbenzene,536-74-3,236.0,0.11,Benzene
A24,Aromatic Hydrocarbons,"1,4-diethynylbenzene",,935-14-8,274.0,0.19,Chloroform
A25,Aromatic Hydrocarbons,Phenylpropargyl aldehyde,Phenylpropiolaldehyde; 3-Phenyl-2-Propynal,2579-22-8,277.0,,Ethanol
A26,Aromatic Hydrocarbons,Phenylboronic acid,Benzeneboronic Acid,98-80-6,227.0,0.26,Cyclohexane
A27,Aromatic Hydrocarbons,Vanillin,4-Hydroxy-3-Methoxybenzaldehyde,121-33-5,222.0,,Cyclohexane
A28,Aromatic Hydrocarbons,3-hydroxyacetophenone,M-Acetylphenol,121-71-1,218.0,,Ethanol
A29,Aromatic Hydrocarbons,Ethyl 4-(dimethylamino)benzoate,Parbenate,10287-53-3,310.25,0.29,Cyclohexane
A30,Aromatic Hydrocarbons,Gallacetophenone,"2',3',4'-Trihydroxyacetophenone",528-21-2,291.0,,Methanol
A31,Aromatic Hydrocarbons,Terephthalic acid,"Benzene-1,4-Dicarboxylic Acid; 1,4-Dicarboxybenzene",100-21-0,240.0,,Ethanol
A32,Aromatic Hydrocarbons,P-phenylenediamine,"1,4-Benzenediamine; 1,4-Diaminobenzene; 1,4-Phenylenediamine",106-50-3,251.0,0.065,Acetonitrile
A33,Aromatic Hydrocarbons,Tetraphenylmethane,,630-76-2,263.0,0.24,Cyclohexane
A34,Aromatic Hydrocarbons,N-phenylbenzylamine,N-Benzylaniline; N-Benzyl-N-Phenylamine,103-32-2,245.0,0.164,Cyclohexane
A35,Aromatic Hydrocarbons,Trans-chalcone,"Benzylideneacetophenone;  1,3-Diphenyl-2-Propen-3-One",614-47-1,302.0,,Cyclohexane
A36,Aromatic Hydrocarbons,Benzophenone,Diphenyl Ketone,119-61-9,252.0,,Ethanol
A37,Aromatic Hydrocarbons,"4,4'-dihydroxybenzophenone",,611-99-4,283.0,,Chloroform
A38,Aromatic Hydrocarbons,Diethyl phthalate,,84-66-2,225.0,,Ethanol
A39,Aromatic Hydrocarbons,"1,2,4,5-tetracyanobenzene",Tcnb; Pyromellitic Acid Tetranitrile,712-74-3,316.0,0.21,Chloroform
A40,Aromatic Hydrocarbons,Hexafluorobenzene,,392-56-3,230.0,0.035,Ethanol
A41,Aromatic Hydrocarbons,Ferrocene,Bis(Cyclopentadienyl)Iron; Di(Cyclopentadienyl)Iron,102-54-5,442.0,,Cyclohexane
E01,Heterocycles,Pyridine,,110-86-1,251.0,,Acetonitrile
E02,Heterocycles,Pyridine n-oxide,,694-59-7,276.0,,Dichloromethane
E03,Heterocycles,2-acetylpyridine,,1122-62-9,227.0,,Cyclohexane
E04,Heterocycles,4-dimethylaminopyridine,Dmap,1122-58-3,257.0,0.017,Acetonitrile
E05,Heterocycles,4-(4-nitrobenzyl)pyridine,,1083-48-3,265.0,,Ethanol
E06,Heterocycles,"1,3,5-triazine",S-Triazine,290-87-9,270.0,,Ethanol
E07,Heterocycles,Phthalimide,,85-41-6,215.0,,Ethanol
E08,Heterocycles,"2,2'-bipyridine","2,2_-Bipyridyl; 2,2_-Dipyridine; 2,2_-Dipyridyl",366-18-7,281.0,,Acetonitrile
E09,Heterocycles,"4,4'-bipyridine","4,4_-Bipyridy; 4,4_-Dipyridine; 4,4_-Dipyridyl",553-26-4,238.0,,Acetonitrile
E10,Heterocycles,Quinoline,,91-22-5,204.0,0.01,Ethanol
E11,Heterocycles,8-quinoline carboxylic acid,,86-59-9,219.0,0.02,Ethanol
E12,Heterocycles,3-quinoline carboxaldehyde,,13669-42-6,245.0,,Ethanol
E13,Heterocycles,Benzothiazole,,95-16-9,217.0,,Ethanol
E14,Heterocycles,Benzotriazole,,95-14-7,253.0,,Ethanol
E15,Heterocycles,2-methylbenzoxazole,,95-21-6,231.75,,Cyclohexane
E16,Heterocycles,Pyrrole,,109-97-7,206.0,,Hexane
E17,Heterocycles,Pyrrole-2-carboxaldehyde,2-Formylpyrrole,1003-29-8,278.0,,Hexane
E18,Heterocycles,Thiazole orange,,107091-89-4,502.0,,Methanol
E19,Heterocycles,Thioflavin t,,2390-54-7,413.0,0.0004,Water
E20,Heterocycles,"Tris(2,2'-bipyridyl)ruthenium(ii)","Tris(2,2_-Bipyridyl)Dichlororuthenium(Ii)",65034-88-0,286.0,,Water
E21,Heterocycles,4-chloro-7-nitrobenzofurazan,Nbd,10199-89-0,336.0,,Ethanol
E22,Heterocycles,"7-benzylamino-4-nitrobenz-2-oxa-1,3-diazole","4-Benzylamino-7-Nitrobenzofurazan, Benzylamino-Nbd",18378-20-6,460.5,0.36,Ethanol
E23,Heterocycles,Carbostyril 124,7-Amino-4-Methyl-2-Hydroxyquinoline,19840-99-4,219.0,0.97,Water (ph 5 to 9 )
E24,Heterocycles,Quinoline yellow,Acid Yellow 3,8004-92-0,413.0,,Pbs
E25,Heterocycles,"2,3,5-triphenyltetrazolium chloride",Tetrazolium Red,298-96-4,247.0,,Pbs
E26,Heterocycles,Quinine sulfate,,207671-44-1,349.0,0.546,H2so4 aq (1 n)
F01,Biomolecules,L-alanine,,56-41-7,262.0,,Methanol
F02,Biomolecules,L-phenylalanine,,63-91-2,257.5,0.022,Water
F03,Biomolecules,L-tyrosine,,60-18-4,274.25,0.13,"Phosphate buffer (ph 7, 0.1 m)"
F04,Biomolecules,L-histidine,,71-00-1,211.0,,Water
F05,Biomolecules,L-tryptophan,,73-22-3,278.0,0.12,"Phosphate buffer (ph 7, 0.1 m)"
F06,Biomolecules,Adenine,,73-24-5,261.0,,Water (ph 7)
F07,Biomolecules,Guanine,,73-40-5,243.0,,Water
F08,Biomolecules,Cytosine,,71-30-7,266.75,,Water
F09,Biomolecules,Thymine,,65-71-4,263.75,,Water
F10,Biomolecules,Uracil,,66-22-8,258.25,,Water
F11,Biomolecules,2-amino-4-methylpyrimidine,,108-52-1,228.0,,Ethanol
F12,Biomolecules,"2,4-dihydroxy-6-methylpyrimidine",6-Methyluracil,626-48-2,259.0,,Ethanol
F13,Biomolecules,D-(-)-salicin,,138-52-3,212.0,,Ethanol
F14,Biomolecules,Riboflavin,Vitamin B2,83-88-5,263.0,0.3,Ethanol
F15,Biomolecules,L-ascorbic acid,Vitamin C,50-81-7,265.0,,Pbs
F16,Biomolecules,Dl-alpha-tocopherol,Vitamin E,10191-41-0,206.0,0.14,Ethanol
F17,Biomolecules,Vitamin k1,"2-Methyl-3-Phytyl-1,4-Naphthoquinone, Phylloquinone",84-80-0,248.0,,Ethanol
F18,Biomolecules,Folic acid,Vitamin B9,59-30-3,281.0,0.005,Water
G01,Quinones,"1,4-benzoquinone",,106-51-4,239.75,,Acetonitrile
G02,Quinones,Hydroquinone,"1,4-Benzenediol, 1,4-Dihydroxybenzene",123-31-9,225.0,0.16,Acetonitrile
G03,Quinones,"2,3,5,6-tetrachloro-1,4-benzoquinone",P-Chloranil,118-75-2,288.0,,Acetonitrile
G04,Quinones,Tetrachlorohydroquinone,"2,3,5,6-Tetrachloro-1,4-Benzendiol",87-87-6,211.0,,Acetonitrile
G05,Quinones,"2,3,5,6-tetramethyl-1,4-benzoquinone",Duroquinone,527-17-3,270.0,,Acetonitrile
G06,Quinones,"2,3-dichloro-5,6-dicyano-1,4-benzoquinone",Ddq,84-58-2,287.0,,Chloroform
G07,Quinones,"3,4,5,6-tetrachloro-1,2-benzoquinone",O-Chloranil,2435-53-2,458.0,,Chloroform
G08,Quinones,"2,5-diphenyl-1,4-benzoquinone",,844-51-9,243.0,,Acetonitrile
G09,Quinones,"2,5-di-tert-butyl-1,4-benzoquinone",,2460-77-7,258.0,,Acetonitrile
G10,Quinones,Tetracyanoethylene,Tcne,670-54-2,267.0,,Chloroform
G11,Quinones,"7,7,8,8-tetracyanoquinodimethane",Tcnq,1518-16-7,401.0,,Chloroform
G12,Quinones,"1,4-naphthoquinone",Alpha-Naphthoquinone,130-15-4,246.0,,Ethanol
G13,Quinones,"1,4-naphthoquinone-2-sulfonic acid, potassium salt",,34169-62-5,255.0,,Water
G14,Quinones,"2,3-dichloro-1,4-naphthoquinone",Dichlone,117-80-6,280.0,,Ethanol
G15,Quinones,"2-methyl-1,4-naphthoquinone","Menadione, Vitamin K3",58-27-5,251.0,,Ethanol
G16,Quinones,"9,10-phenanthrenequinone",,84-11-7,268.0,,Chloroform
G17,Quinones,"1,2-naphthoquinone",Beta-Naphthoquinone,524-42-5,249.0,,Methanol
G18,Quinones,"1,2-naphthoquinone-4-sulfonic acid, sodium salt",,521-24-4,250.0,,Methanol
G19,Quinones,"9,10-anthraquinone",,84-65-1,251.25,,Ethanol
G20,Quinones,Alizarin,"1,2-Dihydroxyanthraquinone, Mordant Red 11",72-48-0,248.0,,Ethanol
G21,Quinones,Alizarin red s,,130-22-3,250.0,,Ethanol
G22,Quinones,"1,4-anthraquinone",,635-12-1,233.0,,Ethanol
G23,Quinones,"5,12-naphthacenequinone",Tetracenequinone,1090-13-7,296.0,0.43,Benzene
G24,Quinones,"6,13-pentacenequinone",,3029-32-1,303.0,0.54,Benzene
H01,Coumarins,Coumarin,,91-64-5,275.0,,Ethanol
H02,Coumarins,4-hydroxycoumarin,,1076-38-6,280.0,0.003,Ethanol
H03,Coumarins,7-hydroxycoumarin,Umbelliferone,93-35-6,326.0,0.08,Methanol
H04,Coumarins,7-hydroxy-4-(trifluoromethyl)coumarin,4-Trifluoromethylumbeliferone,575-03-1,338.0,0.2,Ethanol
H05,Coumarins,7-methoxycoumarin-4-acetic acid,,62935-72-2,323.75,0.18,Methanol
H06,Coumarins,Coumarin 1,7-(Diethylamino)-4-Methylcoumarin,91-44-1,373.25,0.5,Ethanol
H07,Coumarins,Coumarin 6,,38215-36-0,459.25,0.78,Ethanol
H08,Coumarins,Coumarin 7,3-(2-Benzimidazolyl)-7-(Diethylamino)Coumarin,27425-55-4,436.0,0.82,Methanol
H09,Coumarins,Coumarin 30,,41044-12-6,407.5,0.8,Ethanol
H10,Coumarins,Coumarin 151,7-Amino-4-(Trifluoromethyl)Coumarin,53518-15-3,384.0,0.53,Ethanol
H11,Coumarins,Coumarin 314,,55804-66-5,436.0,0.68,Ethanol
H12,Coumarins,Coumarin 343,,55804-65-4,444.75,0.63,Ethanol
H13,Coumarins,Calcein blue,4-Methylumbelliferone-8-Methyliminodiacetic Acid,54375-47-2,361.0,0.59,Pbs
H14,Coumarins,Urolithin b,3-Hydroxy-6H-Benzo[C]Chromen-6-One,1139-83-9,278.0,0.21,Dimethylformamide
I01,Acridines,Acridine,,260-94-6,247.0,0.0079,Ethanol
I02,Acridines,Proflavine hydrochloride,"3,6-Diaminoacridine Hydrochloride",952-23-8,261.0,0.34,Water (ph 4)
I03,Acridines,Acridine orange,Basic Orange 14,65-61-2,270.5,0.2,Ethanol (basic)
I04,Acridines,Acridine yellow g,"3,6-Diamino-2,7-Dimethylacridine",135-49-9,264.0,0.47,Ethanol
I05,Acridines,Acridone,"9(10H)-Acridanone, 9,10-Dihydro-9-Oxoacridine",578-95-0,249.0,0.42,Ethanol
I06,Acridines,Phenazine,,92-82-0,248.0,,Ethanol
I07,Acridines,Phenosafranin,,81-93-6,533.0,0.2,Methanol
I08,Acridines,Neutral red,Basic Red 5,553-24-2,278.0,0.044,Ethanol
I09,Acridines,Janus green b,,2869-83-2,587.0,,Pbs
I10,Acridines,Phenothiazine,10H-Phenothiazine,92-84-2,253.0,0.006,Cyclohexane
I11,Acridines,Thionin,"Thionine, 3,7-Diaminophenothiazin-5-Ium Chloride",26754-93-8,605.0,0.04,Ethanol
I12,Acridines,Methylene blue,Basic Blue 9 Hydrate,61-73-4,656.0,0.04,Ethanol
I13,Acridines,Azure ii,,37247-10-2,654.0,0.04,Ethanol
I14,Acridines,Toluidine blue o,Basic Blue 17,92-31-9,628.0,0.076,Ethanol
I15,Acridines,Phenoxathiin,,262-20-4,237.0,,Ethanol
I16,Acridines,Phenoxazine,,135-67-1,239.0,0.025,Ethanol
I17,Acridines,Oxazine 1,"Oxazine 725, Oxazine 1 Perchlorate",24796-94-9,642.5,0.11,Ethanol
I18,Acridines,Cresyl violet perchlorate,Cresyl Violet 670,41830-80-2,603.0,0.54,Methanol
I19,Acridines,Nile red,"Nile Blue A Oxazone, Oxazine 17",7385-67-3,519.4,0.7,Dioxane
I20,Acridines,Nile blue,Nile Blue A Perchlorate,53340-16-2,627.5,0.27,Ethanol
I21,Acridines,Oxazine 170,"Oxazine 720, Oxazine 170 Perchlorate",62669-60-7,613.25,0.63,Methanol
J01,Azo Dyes,Azobenzene,,103-33-3,319.0,,Benzene
J02,Azo Dyes,Acid red 2,"Methyl Red, 4-Dimethylaminoazobenzene-2'-Carboxylic Acid",493-52-7,430.0,,Pbs
J03,Azo Dyes,Methyl orange,Acid Orange 52,547-58-0,466.0,,Pbs
J04,Azo Dyes,Orange g,Acid Orange 10,1936-15-8,478.0,,Pbs
J05,Azo Dyes,Orange ii,Acid Orange 7,633-96-5,486.0,,Pbs
J06,Azo Dyes,Acid red 88,"Acid Red A, Fast Red, 2-Naphthol Red",1658-56-6,503.0,,Pbs
J07,Azo Dyes,Sudan i,1-Phenylazo-2-Naphthol,842-07-9,481.0,,Ethanol
J08,Azo Dyes,Sudan ii,"Solvent Orange 7, 1-(2,4-Xylidylazo)-2-Naphthol",3118-97-6,498.0,,Ethanol
J09,Azo Dyes,Acid violet 3,,1681-60-3,555.0,,Pbs
J10,Azo Dyes,Acid red 1,Azophloxine,3734-67-6,530.0,,Pbs
J11,Azo Dyes,Acid red 14,"Azo Rubine, Carmoisine",3567-69-9,512.0,,Pbs
J12,Azo Dyes,Acid blue 92,Acid Blue A,3861-73-2,563.0,,Pbs
J13,Azo Dyes,Sudan iii,Solvent Red 23,85-86-9,504.0,,Ethanol
J14,Azo Dyes,Sudan iv,Solvent Red 24,85-83-6,518.0,,Ethanol
J15,Azo Dyes,Acid black 1,Naphthol Blue Black,1064-48-8,619.0,,Pbs
J16,Azo Dyes,Ponceau s,Acid Red 112,6226-79-5,513.0,,Pbs
J17,Azo Dyes,Congo red,Direct Red 28,573-58-0,483.0,,Pbs
J18,Azo Dyes,Benzopurpurin 4b,"Direct Red 2, Benzopurpurin",992-59-6,497.0,,Water
J19,Azo Dyes,Evans blue,Direct Blue 53,314-13-6,606.0,,Pbs
K01,Cyanine Dyes,"1,1'-diethyl-2,2'-cyanine iodide",Dec,977-96-8,524.25,,Ethanol
K02,Cyanine Dyes,"1,1'-diethyl-2,2'-carbocyanine iodide","Pinacyanol Iodide, Decc",605-91-4,603.5,0.001,Methanol
K03,Cyanine Dyes,"1,1'-diethyl-2,2'-dicarbocyanine iodide",Ddi,14187-31-6,711.0,0.0028,Ethanol
K04,Cyanine Dyes,"1,1'-diethyl-4,4'-cyanine iodide",,4727-49-5,592.0,,Ethanol
K05,Cyanine Dyes,"1,1'-diethyl-4,4'-carbocyanine iodide","Dci, Cryptocyanine, Kryptocyanin",4727-50-8,709.5,0.007,Ethanol
K06,Cyanine Dyes,"1,1'-diethyl-4,4'-dicarbocyanine iodide",,18300-31-7,818.0,0.033,Dmso
K07,Cyanine Dyes,"3,3'-diethyloxacarbocyanine iodide","Doc, Doci",905-96-4,485.0,0.05,Methanol
K08,Cyanine Dyes,"3,3'-diethyloxadicarbocyanine iodide","Dodc, Dodci",14806-50-9,582.0,0.49,Ethanol
K09,Cyanine Dyes,"3,3'-diethyloxatricarbocyanine iodide","Dotc, Dotci",15185-43-0,687.5,0.49,Ethanol
K10,Cyanine Dyes,"1,1'-diethyl-3,3,3',3'-tetramethylindocarbocyanine iodide",,14696-39-0,544.25,0.07,Methanol
K11,Cyanine Dyes,"1,1'-diethyl-3,3,3',3'-tetramethylindodicarbocyanine iodide",,17094-16-5,637.5,0.4,Methanol
K12,Cyanine Dyes,"1,1'-diethyl-3,3,3',3'-tetramethylindotricarbocyanine iodide",Hitci,15185-47-4,742.25,0.28,Ethanol
K13,Cyanine Dyes,Indocyanine green,"Icg, Cardiogreen",3599-32-4,789.0,0.05,Ethanol
K14,Cyanine Dyes,"3,3'-diethylthiacarbocyanine iodide","Dtc, Dtci",905-97-5,559.25,0.05,Ethanol
K15,Cyanine Dyes,"3,3'-diethylthiadicarbocyanine iodide","Dtdc, Dtdci",514-73-8,655.75,0.35,Ethanol
K16,Cyanine Dyes,"3,3'-diethylthiatricarbocyanine iodide","Dttc, Dttci",3071-70-3,763.25,,Isopropanol
K17,Cyanine Dyes,Merocyanine 540,,62796-23-0,559.5,0.39,Ethanol
K18,Cyanine Dyes,"4-(dicyanomethylene)-2-methyl-6-(p-dimethylaminostyryl)-4h-pyran, [dcm]",Dcm,51325-91-8,468.0,0.43,Methanol
K19,Cyanine Dyes,Stains all,"3,3_-Diethyl-9-Methyl-4,5,4_,5_-Dibenzothiacarbocyanine",7423-31-6,575.5,0.0,
L01,Arylmethane Dyes,Auramine o,"Basic Yellow 2, Pyoctaninum Aureum",2465-27-2,431.25,0.03,Glycerol
L02,Arylmethane Dyes,Malachite green,Basic Green 4,2437-29-8,616.5,,Water
L03,Arylmethane Dyes,Crystal violet,Basic Violet 3,548-62-9,590.5,0.019,Glycerol
L04,Arylmethane Dyes,P-fuchsin,Basic Fuchsin,632-99-5,543.0,,Pbs
L05,Arylmethane Dyes,Methyl violet,Basic Violet 1,8004-87-3,585.0,,Pbs
L06,Arylmethane Dyes,Methyl green,,7114-03-6,632.0,,Pbs
L07,Arylmethane Dyes,Methyl blue,Acid Blue 93,28983-56-4,590.0,,Pbs
L08,Arylmethane Dyes,Phenolphthalein,,77-09-8,554.0,,0.1 n naoh aq
L09,Arylmethane Dyes,Phenol red,Phenolsulfonphthalein,143-74-8,558.0,,0.1 n naoh aq
L10,Arylmethane Dyes,Cresol red,,1733-12-6,573.0,,0.1 n naoh aq
L11,Arylmethane Dyes,Thymol blue,,76-61-9,597.0,,0.1 n naoh aq
M01,Perylenes,Perylene,,198-55-0,435.75,0.94,Cyclohexane
M02,Perylenes,"Perylene, pmi","N-(2,6-Diisopropylphenyl)Perylene-3,4-Dicarboximide",165550-61-8,507.0,0.91,Toluene
M03,Perylenes,"Perylene, pmi(or)","9-(4-Tert-Butylphenoxy)-N-(2,6-Diisopropylphenyll)-3,4-Perylenedicarboximide",RRN 9309914,507.0,0.82,Toluene
M04,Perylenes,"Perylene, pmi(or)3","1,6,9-Tris(4-Tert-Butylphenoxy)-N-(2,6-Diisopropyl-4-Ethynylphenyl)-3,4-Perylenedicarboximide",468083-01-4,536.0,0.86,Toluene
M05,Perylenes,"Perylene, pdi","N,N_-Bis(2,5-Di-Tert-Butylphenyl)-3,4,9,10-Perylenedicarboximide",83054-80-2,528.0,0.97,Toluene
N01,Xanthenes,Fluorescein,,2321-07-5,500.25,0.97,Ethanol (basic)
N02,Xanthenes,"2',7'-dichlorofluorescein",,76-54-0,502.0,0.58,30% tris buffered (in dmso)
N03,Xanthenes,"3,4,5,6-tetrachlorofluorescein",,6262-21-1,509.0,0.65,Pbs
N04,Xanthenes,Eosin b,"Acid Red 91, Saffrosine, Safrosin",548-24-3,527.0,0.63,Ethanol
N05,Xanthenes,Eosin y,Acid Red 87,17372-87-1,524.75,0.67,Ethanol
N06,Xanthenes,Phloxine b,Acid Red 92,18472-87-2,550.0,0.67,Ethanol
N07,Xanthenes,Erythrosine b,,16423-68-0,535.0,0.08,Ethanol
N08,Xanthenes,Rose bengal,"Acid Red 94, 4,5,6,7-Tetrachloro-2',4',5',7'-Tetraiodofluorescein",11121-48-5,559.0,0.11,Ethanol (basic)
N09,Xanthenes,Xantphos,"4,5-Bis(Diphenylphosphino)-9,9-Dimethylxanthene",161265-03-8,261.0,0.16,Dichloromethane
N10,Xanthenes,Rhodamine 123,,62669-70-9,511.75,0.86,Ethanol
N11,Xanthenes,Rhodamine b,,81-88-9,542.75,0.7,Ethanol
N12,Xanthenes,Sulforhodamine b,Acid Red 52,3520-42-1,553.0,0.7,Ethanol
N13,Xanthenes,Rhodamine 6g,,989-38-8,529.75,0.95,Ethanol
N14,Xanthenes,Rhodamine 101 inner salt,,41175-43-3 (116450-56-7),565.0,0.98,Ethanol
N15,Xanthenes,Sulforhodamine 101,,60311-02-6,576.0,0.9,Ethanol
O01,Miscellaneous Dyes,Dansylglycine,[5-(Dimethylamino)Naphthalene-1-Sulfonyl]Glycine,1091-85-6,338.5,0.66,Dioxane
O02,Miscellaneous Dyes,Lucifer yellow ch,Lucifer Yellow Ch Dilithium Salt,67769-47-5,279.75,0.21,Water
O03,Miscellaneous Dyes,Piroxicam,,36322-90-4,325.0,0.035,Hexane
O04,Miscellaneous Dyes,"1,2,3,4,5-pentamethylcyclopentadiene",,4045-44-7,249.0,,Ethanol
O05,Miscellaneous Dyes,Ethidium bromide,,1239-45-8,285.0,0.039,Water
O06,Miscellaneous Dyes,"4',6-diamidino-2-phenylindole, [dapi]",Dapi,28718-90-3,344.0,0.043,Water
O07,Miscellaneous Dyes,Hoechst 33258,,23491-45-4,345.5,0.034,Water
O08,Miscellaneous Dyes,Squarylium dye iii,,43134-09-4,627.25,0.65,Dichloromethane
O09,Miscellaneous Dyes,Ellagic acid dihydrate,,133039-73-3,276.0,,Pbs
O10,Miscellaneous Dyes,Betalamic acid,,18766-66-0,424.0,,Water
O11,Miscellaneous Dyes,Betanin,,7659-95-2,535.0,,Pbs
O12,Miscellaneous Dyes,Rutin trihydrate,,153-18-4,205.0,,Methanol
O13,Miscellaneous Dyes,Hesperidin,,520-26-3,203.0,,Methanol
P01,Dipyrrins,5-phenyldipyrromethane,,107798-98-1,208.0,,Hexane
P02,Dipyrrins,5-phenyldipyrrin,"Meso-Phenyl-2,2'-Dipyrromethene",118762-53-1,432.0,,Toluene
P03,Dipyrrins,"N,n'-difluoroboryl-1,9-dimethyl-5-phenydipyrrin",,865479-43-2,502.75,0.053,Toluene
P04,Dipyrrins,"N,n'-difluoroboryl-1,9-dimethyl-5-(4-iodophenyl)dipyrrin",,RRN 8641167,515.5,0.23,Toluene
P05,Dipyrrins,"N,n'-difluoroboryl-1,9-dimethyl-5-[(4-(2-trimethylsilylethynyl)pheny]dipyrrin",,RRN 9294810,515.75,0.078,Toluene
P06,Dipyrrins,Bis(5-phenyldipyrrinato)zinc,,RRN 11327052,485.0,0.006,Toluene
P07,Dipyrrins,Bis(5-mesityldipyrrinato)zinc,,RRN 11327059,487.0,0.36,Toluene
Q01,Porphyrins,H2p,Porphine; Porphin,101-60-0,396.25,0.043,Toluene
Q02,Porphyrins,Mgp,Magnesium Porphine,RRN 1226935,402.0,0.058,Propanol
Q03,Porphyrins,Znp,Zinc Porphine,RRN 1226937,399.0,0.0084,Ethanol
Q04,Porphyrins,H2oep,"Octaethylporphyrin; 2,3,7,8,12,13,17,18-Octaethyl-21H,23H-Porphine",2683-82-1,400.0,0.13,Benzene
Q05,Porphyrins,Mgoep,Magnesium Octaethylporphyrin,20910-35-4,409.75,0.15,Toluene
Q06,Porphyrins,Cuoep,Copper(Ii) Octaethylporphyrin,14409-63-3,400.0,,Toluene
Q07,Porphyrins,Znoep,"Zinc Octaethylporphyrin; 2,3,7,8,12,13,17,18-Octaethyl-21H,23H-Porphine Zinc(Ii)",17632-18-7,404.25,0.045,Benzene
Q08,Porphyrins,H2tpp,"Tetraphenylporphyrin; 5,10,15,20-Tetraphenyl-21H,23H-Porphine",917-23-7,419.25,0.11,Toluene
Q09,Porphyrins,Mgtpp,"Magnesium Tetraphenylporphyrin; 5,10,15,20-Tetraphenyl-21H,23H-Porphine Magnesium(Ii)",14640-21-2,426.0,0.15,Toluene
Q10,Porphyrins,Zntpp,"Zinc Tetraphenylporphyrin; 5,10,15,20-Tetraphenyl-21H,23H-Porphine Zinc(Ii)",14074-80-7,422.75,0.033,Toluene
Q11,Porphyrins,H2tmp,"Tetramesitylporphyrin; 5,10,15,20-Tetramesityl-21H,23H-Porphine",56396-12-4,419.0,0.088,Toluene
Q12,Porphyrins,Mgtmp,"Magnesium Tetramesitylporphyrin; 5,10,15,20-Tetramesityl-21H,23H-Porphine Magnesium(Ii)",RNN 8608739,426.5,0.17,Toluene
Q13,Porphyrins,Zntmp,"Zin Tetramesitylporphyrin; 5,10,15,20-Tetramesityl-21H,23H-Porphine Zinc(Ii)",RNN 4648207,421.5,0.039,Toluene
Q14,Porphyrins,H2ttp,Tetrakis(4-Methylphenyl)Porphyrin [Ttp],14527-51-6,420.0,0.12,Benzene
Q15,Porphyrins,(o-h2nph)h2p,"Tetrakis(O-Aminophenyl)Porphyrin; 5,10,15,20-Tetrakis(2-Aninophenyl)-21H,23H-Porphine",52199-35-6,420.75,0.091,Toluene
Q16,Porphyrins,(odc)h2p,"Tetrakis(2,6-Dichlorophenyl)Porphyrin; 5,10,15,20-Tetrakis(2,6-Dichlorophenyl)-21H,23H-Porphine",37083-37-7,419.0,0.0019,Toluene
Q17,Porphyrins,C6f5-h2p,Tetrakis(Pentafluorophenyl)Porphyrin,25440-14-6,417.0,0.032,Benzene
Q18,Porphyrins,N-confused tetraphenylporphyrin,N-Confused H2Tpp,RNN 10319450,440.0,0.00156,Chloroform
Q19,Porphyrins,H4tpp2+,Diprotonated-Tetraphenylporphyrin,,444.5,0.14,Benzene + tfa
Q20,Porphyrins,Zntmp.+,Zinc Tetramesitylporphyrin Radical Cation,,412.0,,Dichloromethane
Q21,Porphyrins,Protoporphyrin ix dimethyl ester,,5522-66-7,408.0,0.1,Methanol
Q22,Porphyrins,Hematin,,15489-90-4,385.9,,Acetic acid
Q23,Porphyrins,Tetrabenzoporphine,,52952-31-5,429.0,0.0,
Q24,Porphyrins,H2tbp(co2bu),Tbp-Beta-Octa(Coobu)-Fb,RNN 10238035,447.0,0.27,Dimethylformamide
Q25,Porphyrins,Zntbp(co2bu),Tbp-Beta-Octa(Coobu)-Zn,RNN 10238613,452.0,0.15,Pyridine
Q26,Porphyrins,Pdtbp(co2bu),Tbp-Beta-Octa(Coobu)-Pd,RNN 10238614,426.0,0.23,Dimethylformamide
Q27,Porphyrins,H2tbp(co2me)ph,Tbp-Meso-Tetra(4-Coome-Phenyl)-Fb,,469.0,0.027,Dimethylformamide
Q28,Porphyrins,Zntbp(co2me)ph,Tbp-Meso-Tetra(4-Coome-Phenyl)-Zn,,471.0,0.01,Dimethylformamide
Q29,Porphyrins,Pdtbp(co2me)ph,Tbp-Meso-Tetra(4-Coome-Phenyl)-Pd,,443.0,0.106,Dimethylformamide
Q30,Porphyrins,Zntcph(co2me)ph,Tcph-Meso-Tetra(4-Coome-Phenyl)-Zn,,453.0,0.0005,Dimethylformamide
Q31,Porphyrins,Pdtcph(co2me)ph,Tcph-Meso-Tetra(4-Coome-Phenyl)-Pd,,428.0,,Dimethylformamide
Q32,Porphyrins,H2tbp(co2bu)ph,Tbp-Meso-Tetraphenyl-Beta-Octa(Coome)-Fb,RNN 8824349,483.0,0.018,Dimethylformamide
Q33,Porphyrins,Zntbp(co2bu)ph,Tbp-Meso-Tetraphenyl-Beta-Octa(Coome)-Zn,RNN 8824926,487.0,0.03,Dimethylformamide
Q34,Porphyrins,Pdtbp(co2bu)ph,Tbp-Meso-Tetraphenyl-Beta-Octa(Coome)-Pd,RNN 8755729,460.0,0.03,Dimethylformamide
R01,Oligopyrroles,Ph-corrole,"5,10,15-Triphenylcorrole",246231-45-8,416.0,0.14,Dichloromethane
R02,Oligopyrroles,C6f5-corrole,"5,10,15-Tris(Pentafluorophenyl)Corrole",262280-80-8,408.0,0.11,Dichloromethane
R03,Oligopyrroles,Sapphyrin,Tetraphenyl Sapphyrin,RNN 7345536,491.0,,Dichloromethane
R04,Oligopyrroles,Bilirubin,,635-65-4,450.75,,Chloroform
R05,Oligopyrroles,Biliverdin dimethyl ester,,10035-62-8,377.0,,Ethanol
R06,Oligopyrroles,Cyanocobalamin,Synthetic Form Of Vitamin B12,68-19-9,361.0,,Borate buffer (ph 10)
S01,Phthalocyanines,H2pc,"Phthalocyanine; 29H,31H-Phthalocyanine",574-93-6,698.5,0.6,Chloronaphthalene
S02,Phthalocyanines,Mgpc,Magnesium Phthalocyanine; Cyanide Ionophore Ii,1661-03-6,674.0,0.48,Chloronaphthalene
S03,Phthalocyanines,Fepc,Iron(Ii) Phthalocyanine,132-16-1,662.0,,Dimethylformamide
S04,Phthalocyanines,Znpc,Zinc Phthalocyanine,14320-04-8,674.0,0.3,Pyridine
S05,Phthalocyanines,H2pc(obu),"1,4,8,11,15,18,22,25-Octabutoxy-29H,31H-Phthalocyanine",116453-73-7,763.0,0.13,Chloroform
S06,Phthalocyanines,H2pc(tbu),"2,9,16,23-Tetra-Tert-Butyl-29H,31H-Phthalocyanine",35984-93-1,699.0,0.77,Benzene
S07,Phthalocyanines,Znpc(tbu),"Zinc 2,9,16,23-Tetra-Tert-Butyl-29H,31H-Phthalocyanine",39001-65-5,677.0,0.37,Benzene
S08,Phthalocyanines,H2nc(onbu),"5,9,14,18,23,27,32,36-Octabutoxy-2,3-Naphthalocyanine",105528-25-4,865.0,,Toluene
S09,Phthalocyanines,H2nc(tbu),"2,11,20,29-Tetra-Tert-Butyl-2,3-Naphthalocyanine; Tetra-Tert-Butyl-Naphthalocyanine",58687-99-3,784.37,0.01,Chloroform
S10,Phthalocyanines,H2n4p(tbu),"2,7,12,17-Tetra-Tert-Butyl-5,10,15,20-Tetraaza-21H,23H-Porphine; Tetra-Tert-Butyl-Tetraazaporphine",64987-70-8,624.38,0.21,Chloroform
S11,Phthalocyanines,Boron subphthalocyanine chloride,,36530-06-0,569.0,0.25,Benzene
T01,Chlorins Bacteriochlorins,Chlorophyll a,,479-61-8,429.0,0.32,Diethyl ether
T02,Chlorins Bacteriochlorins,Chlorophyll b,,519-62-0,453.0,0.117,Diethyl ether
T03,Chlorins Bacteriochlorins,Pheophorbide a,,15664-29-6,410.0,0.28,Ethanol
T04,Chlorins Bacteriochlorins,Pyropheophorbide a,,24533-72-0,413.0,0.31,Dimethylformamide
T05,Chlorins Bacteriochlorins,Pyropheophorbide a methyl ester,Methyl Pyropheophorbide A,6453-67-4,414.0,0.21,Dichloromethane
T06,Chlorins Bacteriochlorins,Chlorin e6,,19660-77-6,401.0,0.16,Ethanol
T07,Chlorins Bacteriochlorins,Purpurin 18,,25465-77-4,413.0,0.08,Toluene
T08,Chlorins Bacteriochlorins,H2tpc,Meso-Tetraphenylchlorin,2669-65-0,421.0,0.28,Toluene
T09,Chlorins Bacteriochlorins,H2c-1,"17,18-Dihydro-5-(4-Methylphenyl)-10-Mesityl-18,18-Dimethylporphyrin,",RNN 8601239,414.0,0.26,Toluene
T10,Chlorins Bacteriochlorins,Cuc-1,"Cupper(Ii)-17,18-Dihydro-10-Mesityl-18,18-Dimethyl-5-(4-Methylphenyl)Porphyrin",RNN 8606740,409.0,,Toluene
T11,Chlorins Bacteriochlorins,Znc-1,"Zinc(Ii)-17,18-Dihydro-10-Mesityl-18,18-Dimethyl-5-(4-Methylphenyl)Porphyrin",RNN 8606739,411.0,0.083,Toluene
T12,Chlorins Bacteriochlorins,H2coxo-1,"17,18-Dihydro-18,18-Dimethyl-5-(4-Methylphenyl)-10-Mesityl-17-Oxoporphyrin",RNN 9374284,415.0,0.13,Toluene
T13,Chlorins Bacteriochlorins,Mgcoxo-1,"Magnesium(Ii)-17,18-Dihydro-18,18-Dimethyl-5-(4-Methylphenyl)-10-Mesityl-17-Oxoporphyrin",RNN 9379026,425.0,0.1,Toluene
T14,Chlorins Bacteriochlorins,Cucoxo-1,"Cupper(Ii)-17,18-Dihydro-18,18-Dimethyl-5-(4-Methylphenyl)-10-Mesityl-17-Oxoporphyrin",RNN 9379028,420.0,,Toluene
T15,Chlorins Bacteriochlorins,Zncoxo-1,"Zinc(Ii)-17,18-Dihydro-18,18-Dimethyl-5-(4-Methylphenyl)-10-Mesityl-17-Oxoporphyrin",RNN 9379029,423.0,0.04,Toluene
T16,Chlorins Bacteriochlorins,Bacteriochlorophyll a,,17499-98-8,780.2,0.2,Toluene
